نوع العقار,الغرض,المدينة,الحي,الواجهة,المساحة,سعر المتر,السعر الإجمالي
أرض,بدون غرض,الرياض, حي غرناطة ,شمالية,800.0,4800.0,3840000.0
أرض,سكني,الرياض, حي غرناطة ,ثلاث شوارع,1650.0,4800.0,7920000.0
أرض,سكني,الرياض, حي اليرموك ,ثلاث شوارع,1650.0,4800.0,7920000.0
أرض,سكني,الرياض, حي النسيم الغربي ,غربية,750.0,3200.0,2400000.0
أرض,تجاري وسكني,الرياض, حي الرمال ,جنوبية,2400.0,3300.0,7920000.0
أرض,تجاري وسكني,الرياض, حي الرمال ,شمالية,900.0,3300.0,2970000.0
أرض,تجاري وسكني,الرياض, حي الملك فيصل ,شرقية,750.0,3350.0,2512500.0
أرض,تجاري وسكني,الرياض, حي اليرموك ,جنوبية,1089.0,3300.0,3593700.0
أرض,تجاري وسكني,الرياض, حي اليرموك ,شرقية,450.0,3500.0,1575000.0
أرض,تجاري وسكني,الرياض, حي الرمال ,شرقية,450.0,3500.0,1575000.0
أرض,تجاري وسكني,الرياض, حي المعيزلة ,جنوبية,550.0,2500.0,1375000.0
أرض,تجاري وسكني,الرياض, حي اليرموك ,جنوبية,1089.0,3200.0,3484800.0
أرض,تجاري وسكني,الرياض, حي اليرموك ,جنوبية,1089.0,3250.0,3539250.0
أرض,تجاري وسكني,الرياض, حي المعيزلة ,جنوبية,550.0,3000.0,1650000.0
أرض,تجاري وسكني,الرياض, حي الرمال ,شمالية شرقية,3092.0,3200.0,9894400.0
أرض,تجاري وسكني,الرياض, حي الرمال ,شمالية,381.0,2500.0,952500.0
أرض,تجاري وسكني,الرياض, حي الشرق ,شمالية,361.0,2500.0,902500.0
أرض,تجاري وسكني,الرياض, حي الرمال ,جنوبية,412.0,3100.0,1277200.0
أرض,تجاري,الرياض, حي المونسية ,شرقية,750.0,4200.0,3150000.0
أرض,تجاري,الرياض, حي المونسية ,شرقية,2115.0,4200.0,8883000.0
أرض,تجاري,الرياض, حي الرمال ,شرقية,1560.0,6410.0,9999600.0
أرض,تجاري,الرياض, حي الروضة ,شمالية,1798.0,1500.0,2697000.0
أرض,تجاري,الرياض, حي الرمال ,ثلاث شوارع,3000.0,1500.0,4500000.0
أرض,تجاري,الرياض, حي الرمال ,شرقية,360.0,2900.0,1044000.0
أرض,سكني,الرياض, حي الرمال ,شرقية,420.0,476.0,199920.0
أرض,سكني,الرياض, حي اليرموك ,شمالية شرقية,594.0,3500.0,2079000.0
أرض,سكني,الرياض, حي المشرق ,جنوبية,750.0,1650.0,1237500.0
أرض,سكني,الرياض, حي الخليج ,شمالية شرقية,750.0,3150.0,2362500.0
أرض,سكني,الرياض, حي الخليج ,شمالية,300.0,2600.0,780000.0
أرض,سكني,الرياض, حي الخليج ,شمالية,572.0,2600.0,1487200.0
أرض,سكني,الرياض, حي اليرموك ,جنوبية,1089.0,3400.0,3702600.0
أرض,سكني,الرياض, حي الشهداء ,جنوبية,320.0,5300.0,1696000.0
أرض,سكني,الرياض, حي الحمراء ,جنوبية,1000.0,6000.0,6000000.0
أرض,سكني,الرياض, حي البيان ,شمالية,375.0,6000.0,2250000.0
أرض,سكني,الرياض, حي قرطبة ,غربية,450.0,5500.0,2475000.0
أرض,سكني,الرياض, حي القادسية ,شمالية غربية,1019.0,5500.0,5604500.0
أرض,سكني,الرياض, حي الرمال ,جنوبية,412.0,3500.0,1442000.0
أرض,سكني,الرياض, حي النهضة ,غربية,432.0,2500.0,1080000.0
أرض,سكني,الرياض, حي الرمال ,ثلاث شوارع,2940.0,2000.0,5880000.0
أرض,سكني,الرياض, حي الرمال ,غربية,3663.0,1400.0,5128200.0
أرض,سكني,الرياض, حي الرمال ,غربية,750.0,426.0,319500.0
أرض,سكني,الرياض, حي غرناطة ,شمالية,800.0,4800.0,3840000.0
أرض,سكني,الرياض, حي اليرموك ,غربية,300.0,3800.0,1140000.0
أرض,سكني,الرياض, حي النهضة ,غربية,300.0,3800.0,1140000.0
أرض,سكني,الرياض, حي النسيم الغربي ,ثلاث شوارع,750.0,3100.0,2325000.0
أرض,سكني,الرياض, حي اليرموك ,ثلاث شوارع,750.0,3100.0,2325000.0
أرض,سكني,الرياض, حي الصناعية القديمة ,جنوبية شرقية,1849.0,3100.0,5731900.0
أرض,سكني,الرياض, حي البيان ,جنوبية,312.0,2350.0,733200.0
أرض,سكني,الرياض, حي البيان ,جنوبية,375.0,2350.0,881250.0
أرض,سكني,الرياض, حي الشرق ,جنوبية,312.0,2350.0,733200.0
أرض,سكني,الرياض, حي الشرق ,شمالية,900.0,422.0,379800.0
أرض,سكني,الرياض, حي العلا ,شمالية,750.0,422.0,316500.0
أرض,سكني,الرياض, حي الرمال ,جنوبية,412.0,3200.0,1318400.0
أرض,سكني,الرياض, حي الجنادرية ,ثلاث شوارع,3562.0,3100.0,11042200.0
أرض,سكني,الرياض, حي المعيزيلة ,جنوبية,412.0,2750.0,1133000.0
أرض,سكني,الرياض, حي المعيزيلة ,جنوبية شرقية,810.0,865.0,700650.0
أرض,سكني,الرياض, حي المعيزيلة ,شمالية غربية,2000.0,865.0,1730000.0
أرض,تجاري وسكني,الرياض, حي السعادة ,شمالية,2100.0,2500.0,5250000.0
أرض,تجاري,الرياض, حي الجنادرية ,غربية,8400.0,2300.0,19320000.0
أرض,تجاري,الرياض, حي القادسية ,شرقية,900.0,3333.0,2999700.0
أرض,تجاري,الرياض, حي النسيم الشرقي ,غربية,750.0,2600.0,1950000.0
أرض,تجاري,الرياض, حي الشرق ,جنوبية غربية,475.0,2400.0,1140000.0
أرض,تجاري,الرياض, حي النسيم الغربي ,شمالية,514.0,1700.0,873800.0
أرض,تجاري,الرياض, حي النسيم الغربي ,شرقية,440.0,1700.0,748000.0
أرض,تجاري,الرياض, حي الشرق ,جنوبية,437.0,1700.0,742900.0
أرض,سكني,الرياض, حي المونسية ,شمالية,2825.0,4400.0,12430000.0
أرض,سكني,الرياض, حي المونسية ,شرقية,2520.0,4400.0,11088000.0
أرض,سكني,الرياض, حي المونسية ,شمالية غربية,3905.0,4400.0,17182000.0
أرض,سكني,الرياض, حي السعادة ,جنوبية,90.0,2500.0,225000.0
أرض,سكني,الرياض, حي السعادة ,شمالية,375.0,1500.0,562500.0
أرض,سكني,الرياض, حي السعادة ,غربية,22300.0,2700.0,60210000.0
أرض,سكني,الرياض, حي الرمال ,شمالية شرقية,420.0,4200.0,1764000.0
أرض,سكني,الرياض, حي الرمال ,جنوبية,500.0,4200.0,2100000.0
أرض,تجاري وسكني,الرياض, حي خشم العان ,شمالية,1050.0,2500.0,2625000.0
أرض,تجاري وسكني,الرياض, حي القادسية ,أربع شوارع,10000.0,2400.0,24000000.0
أرض,تجاري وسكني,الرياض, حي المشرق ,شمالية,900.0,559.0,503100.0
أرض,تجاري وسكني,الرياض, حي الصفا ,غربية,400.0,3600.0,1440000.0
أرض,تجاري وسكني,الرياض, حي الملك فيصل ,جنوبية,900.0,550.0,495000.0
أرض,تجاري وسكني,الرياض, حي المشرق ,شمالية,763.0,550.0,419650.0
أرض,تجاري وسكني,الرياض, حي المشرق ,جنوبية,750.0,460.0,345000.0
أرض,تجاري وسكني,الرياض, حي غرناطة ,شمالية,575.0,5800.0,3335000.0
أرض,تجاري,الرياض, حي الرمال ,جنوبية,412.0,3200.0,1318400.0
أرض,تجاري,الرياض, حي الرمال ,شمالية,5000.0,1950.0,9750000.0
أرض,تجاري,الرياض, حي القادسية ,شرقية,543.0,2300.0,1248900.0
أرض,تجاري,الرياض, حي الرمال ,شمالية,375.0,1466.0,549750.0
أرض,تجاري,الرياض, حي الرمال ,جنوبية,416.0,3200.0,1331200.0
أرض,تجاري,الرياض, حي غرناطة ,جنوبية,416.0,3200.0,1331200.0
أرض,تجاري,الرياض, حي النهضة ,شرقية,362.0,2700.0,977400.0
أرض,تجاري,الرياض, حي اشبيلية ,أربع شوارع,5670.0,4900.0,27783000.0
أرض,تجاري,الرياض, حي اشبيلية ,جنوبية,747.0,414.0,309258.0
أرض,تجاري,الرياض, حي النهضة ,شرقية,420.0,3000.0,1260000.0
أرض,تجاري,الرياض, حي الحمراء ,شرقية,1125.0,4800.0,5400000.0
أرض,تجاري,الرياض, حي الحمراء ,جنوبية,1500.0,4200.0,6300000.0
أرض,تجاري,الرياض, طريق سعيد ابن زيد ,جنوبية غربية,2250.0,8000.0,18000000.0
أرض,تجاري,الرياض, حي الرمال ,جنوبية,412.0,3150.0,1297800.0
أرض,تجاري,الرياض, حي العلا ,جنوبية,750.0,3150.0,2362500.0
أرض,تجاري,الرياض, حي النهضة ,شمالية,450.0,2650.0,1192500.0
أرض,تجاري وسكني,الرياض, حي الروضة ,أربع شوارع,9900.0,4500.0,44550000.0
أرض,تجاري وسكني,الرياض, حي الشهداء ,ثلاث شوارع,3900.0,6500.0,25350000.0
أرض,تجاري وسكني,الرياض, حي الشهداء ,غربية,763.0,315.0,240345.0
أرض,تجاري وسكني,الرياض, حي الشهداء ,شمالية,2000.0,315.0,630000.0
أرض,تجاري وسكني,الرياض, حي المشرق ,شمالية شرقية,2000.0,315.0,630000.0
أرض,تجاري وسكني,الرياض, حي القادسية ,جنوبية,597.0,315.0,188055.0
أرض,تجاري وسكني,الرياض, حي القدس ,غربية,450.0,5300.0,2385000.0
أرض,تجاري وسكني,الرياض, حي القدس ,شرقية,750.0,5300.0,3975000.0
أرض,تجاري وسكني,الرياض, حي القدس ,جنوبية,750.0,7333.0,5499750.0
أرض,تجاري وسكني,الرياض, حي الرمال ,جنوبية,900.0,2900.0,2610000.0
أرض,تجاري وسكني,الرياض, حي القادسية ,شمالية,450.0,1000.0,450000.0
أرض,سكني,الرياض, حي الاندلس ,شرقية,1000.0,4000.0,4000000.0
أرض,سكني,الرياض, حي اشبيلية ,شمالية غربية,2007.0,4000.0,8028000.0
أرض,سكني,الرياض, حي الروضة ,غربية,751.0,3700.0,2778700.0
أرض,سكني,الرياض, حي الروضة ,غربية,750.0,4000.0,3000000.0
أرض,تجاري وسكني,الرياض, حي النسيم الغربي ,جنوبية,630.0,1800.0,1134000.0
أرض,تجاري وسكني,الرياض, حي الشعلة ,جنوبية,763.0,318.0,242634.0
أرض,تجاري وسكني,الرياض, حي الشعلة ,جنوبية,870.0,867.0,754290.0
أرض,تجاري وسكني,الرياض, حي الشعلة ,جنوبية,900.0,944.0,849600.0
أرض,تجاري وسكني,الرياض, حي الشعلة ,شرقية,918.0,944.0,866592.0
أرض,تجاري وسكني,الرياض, حي الشعلة ,جنوبية غربية,429.0,944.0,404976.0
أرض,تجاري وسكني,الرياض, حي النهضة ,شرقية,420.0,3000.0,1260000.0
أرض,تجاري وسكني,الرياض, حي الشرق ,شمالية,454.0,2500.0,1135000.0
أرض,تجاري وسكني,الرياض, حي الشرق ,غربية,744.0,1800.0,1339200.0
أرض,تجاري,الرياض, حي السعادة ,ثلاث شوارع,4577.0,3500.0,16019500.0
أرض,تجاري,الرياض, حي الندوة ,شمالية,375.0,3500.0,1312500.0
أرض,تجاري,الرياض, حي الندوة ,جنوبية غربية,900.0,777.0,699300.0
أرض,تجاري,الرياض, حي الفيحاء ,غربية,720.0,777.0,559440.0
أرض,تجاري,الرياض, حي قرطبة ,شرقية,800.0,5500.0,4400000.0
أرض,تجاري,الرياض, حي الروضة ,شمالية شرقية,608.0,4000.0,2432000.0
أرض,تجاري,الرياض, حي الروضة ,شرقية,543.0,4100.0,2226300.0
أرض,تجاري,الرياض, حي المعيزلة ,شمالية,437.0,2900.0,1267300.0
أرض,تجاري,الرياض, حي الملك فيصل ,شرقية,750.0,3350.0,2512500.0
أرض,تجاري,الرياض, حي الملك فيصل ,غربية,760.0,526.0,399760.0
أرض,تجاري,الرياض, حي اليرموك ,شمالية,300.0,3600.0,1080000.0
أرض,تجاري,الرياض, حي الرمال ,جنوبية غربية,1930.0,2800.0,5404000.0
أرض,تجاري,الرياض, حي الرمال ,جنوبية,625.0,4000.0,2500000.0
أرض,تجاري,الرياض, حي الرمال ,غربية,600.0,3000.0,1800000.0
أرض,تجاري,الرياض, حي الندوة ,جنوبية,1280.0,3000.0,3840000.0
أرض,تجاري,الرياض, حي السعادة ,جنوبية,306.0,2777.0,849762.0
أرض,تجاري,الرياض, ,شرقية,360.0,2777.0,999720.0
أرض,تجاري,الرياض, حي المشرق ,شمالية,750.0,480.0,360000.0
أرض,تجاري,الرياض, امارة منطقة الرياض ,شمالية,750.0,600.0,450000.0
أرض,تجاري,الرياض, حي الرمال ,ثلاث شوارع,1200.0,3400.0,4080000.0
أرض,تجاري,الرياض, حي الجنادرية ,شمالية شرقية,500.0,3400.0,1700000.0
أرض,تجاري,الرياض, حي العلا ,شمالية,936.0,459.0,429624.0
أرض,تجاري,الرياض, حي العلا ,شمالية,1650.0,8000.0,13200000.0
أرض,تجاري,الرياض, حي اليرموك ,جنوبية,1089.0,8000.0,8712000.0
أرض,تجاري وسكني,الرياض, حي النسيم الشرقي ,شمالية,840.0,2500.0,2100000.0
أرض,سكني,الرياض, حي المنار ,جنوبية,540.0,2500.0,1350000.0
أرض,سكني,الرياض, حي الملك فيصل ,جنوبية,1089.0,3350.0,3648150.0
أرض,سكني,الرياض, حي الشرق ,شرقية,360.0,2400.0,864000.0
أرض,سكني,الرياض, حي المونسية ,جنوبية,300.0,4400.0,1320000.0
أرض,سكني,الرياض, حي القادسية ,جنوبية شرقية,510.0,4019.0,2049690.0
أرض,سكني,الرياض, حي المونسية ,شمالية,500.0,4200.0,2100000.0
أرض,سكني,الرياض, حي المشرق ,شمالية,936.0,515.0,482040.0
أرض,سكني,الرياض, حي القدس ,شمالية,437.0,2350.0,1026950.0
أرض,سكني,الرياض, حي الخليج ,شمالية غربية,600.0,2600.0,1560000.0
أرض,سكني,الرياض, حي المونسية ,شمالية,621.0,2600.0,1614600.0
أرض,سكني,الرياض, حي الرمال ,شمالية شرقية,580.0,2600.0,1508000.0
أرض,سكني,الرياض, حي السلام ,غربية,360.0,3339.0,1202040.0
أرض,سكني,الرياض, حي اليرموك ,شمالية,4350.0,6000.0,26100000.0
أرض,سكني,الرياض, حي الندوة ,شرقية,1200.0,3000.0,3600000.0
أرض,تجاري وسكني,الرياض, حي الزاهر ,جنوبية,900.0,1000.0,900000.0
أرض,تجاري وسكني,الرياض, حي البيان ,شمالية,1500.0,1000.0,1500000.0
أرض,تجاري وسكني,الرياض, حي القادسية ,شمالية,312.0,3300.0,1029600.0
أرض,تجاري وسكني,الرياض, حي القادسية ,شرقية,900.0,3300.0,2970000.0
أرض,تجاري وسكني,الرياض, حي القادسية ,جنوبية شرقية,306.0,2700.0,826200.0
أرض,تجاري وسكني,الرياض, حي القادسية ,شرقية,270.0,2700.0,729000.0
أرض,تجاري وسكني,الرياض, حي الجزيرة ,أربع شوارع,1800.0,2700.0,4860000.0
أرض,تجاري وسكني,الرياض, حي القادسية ,شمالية شرقية,234.0,3100.0,725400.0
أرض,تجاري وسكني,الرياض, حي القادسية ,جنوبية,3000.0,3080.0,9240000.0
أرض,تجاري وسكني,الرياض, حي اليرموك ,جنوبية,1089.0,3400.0,3702600.0
أرض,تجاري وسكني,الرياض, حي المونسية ,شمالية,875.0,4000.0,3500000.0
أرض,تجاري وسكني,الرياض, حي العلا ,شمالية,1627.0,4000.0,6508000.0
أرض,تجاري وسكني,الرياض, حي النهضة ,جنوبية,1089.0,2850.0,3103650.0
أرض,تجاري وسكني,الرياض, حي النظيم ,غربية,590.0,4000.0,2360000.0
أرض,تجاري وسكني,الرياض, حي الصفا ,غربية,400.0,4000.0,1600000.0
أرض,تجاري وسكني,الرياض, حي النسيم الغربي ,جنوبية,875.0,1800.0,1575000.0
أرض,تجاري وسكني,الرياض, حي النسيم الغربي ,شمالية,437.0,1850.0,808450.0
أرض,تجاري وسكني,الرياض, حي النسيم الغربي ,غربية,600.0,1850.0,1110000.0
أرض,تجاري وسكني,الرياض, حي النسيم الغربي ,جنوبية,875.0,1900.0,1662500.0
أرض,تجاري وسكني,الرياض, حي الرمال ,جنوبية,372.0,3100.0,1153200.0
أرض,تجاري وسكني,الرياض, حي العلا ,ثلاث شوارع,24000.0,3000.0,72000000.0
أرض,تجاري وسكني,الرياض, حي العلا ,ثلاث شوارع,17927.0,1500.0,26890500.0
أرض,تجاري وسكني,الرياض, حي العلا ,جنوبية,350.0,4000.0,1400000.0
أرض,تجاري وسكني,الرياض, حي الازدهار ,غربية,771.0,4000.0,3084000.0
أرض,تجاري وسكني,الرياض, حي الازدهار ,جنوبية,2000.0,500.0,1000000.0
أرض,سكني,الرياض, حي النسيم الغربي ,شمالية غربية,625.0,2400.0,1500000.0
أرض,سكني,الرياض, حي الملز ,ثلاث شوارع,1148.0,2400.0,2755200.0
أرض,سكني,الرياض, حي القادسية ,شرقية,543.0,2300.0,1248900.0
أرض,تجاري وسكني,الرياض, حي الملك فيصل ,شمالية شرقية,900.0,4500.0,4050000.0
أرض,تجاري وسكني,الرياض, حي الروضة ,شمالية شرقية,900.0,4500.0,4050000.0
أرض,تجاري وسكني,الرياض, حي اليرموك ,غربية,745.0,671.0,499895.0
أرض,تجاري وسكني,الرياض, حي النسيم الشرقي ,شرقية,800.0,671.0,536800.0
أرض,تجاري وسكني,الرياض, حي قرطبة ,غربية,450.0,671.0,301950.0
أرض,تجاري وسكني,الرياض, حي المشرق ,شرقية,1021.0,1000.0,1021000.0
أرض,تجاري وسكني,الرياض, حي المشرق ,جنوبية,825.0,1000.0,825000.0
أرض,تجاري وسكني,الرياض, حي الزاهر ,جنوبية غربية,1020.0,800.0,816000.0
أرض,تجاري وسكني,الرياض, حي خشم العان ,شرقية,416.0,3300.0,1372800.0
أرض,تجاري وسكني,الرياض, حي خشم العان ,شرقية,900.0,3300.0,2970000.0
أرض,تجاري وسكني,الرياض, حي الرمال ,ثلاث شوارع,2246.0,4000.0,8984000.0
أرض,تجاري وسكني,الرياض, حي السلام ,شمالية,350.0,3700.0,1295000.0
أرض,تجاري وسكني,الرياض, حي السلام ,شرقية,1.0,1400.0,1400.0
أرض,تجاري وسكني,الرياض, حي الروضة ,جنوبية,900.0,5778.0,5200200.0
أرض,تجاري وسكني,الرياض, حي قرطبة ,شرقية,1250.0,6500.0,8125000.0
أرض,تجاري وسكني,الرياض, حي النسيم الغربي ,شرقية,1250.0,6500.0,8125000.0
أرض,تجاري وسكني,الرياض, حي النسيم الغربي ,جنوبية,747.0,6500.0,4855500.0
أرض,تجاري وسكني,الرياض, حي البيان ,جنوبية,273.0,2500.0,682500.0
أرض,تجاري وسكني,الرياض, حي البيان ,جنوبية,273.0,2570.0,701610.0
أرض,تجاري وسكني,الرياض, حي النظيم ,جنوبية,273.0,2570.0,701610.0
أرض,تجاري وسكني,الرياض, حي الروضة ,شمالية غربية,750.0,4200.0,3150000.0
أرض,تجاري وسكني,الرياض, حي الروضة ,غربية,900.0,444.0,399600.0
أرض,تجاري وسكني,الرياض, حي الخليج ,شمالية شرقية,648.0,444.0,287712.0
أرض,تجاري وسكني,الرياض, حي الخليج ,شمالية,2800.0,444.0,1243200.0
أرض,تجاري وسكني,الرياض, ,شمالية,343.0,2871.0,984753.0
أرض,تجاري وسكني,الرياض, حي اشبيلية ,شمالية,343.0,2871.0,984753.0
أرض,تجاري وسكني,الرياض, حي الجنادرية ,شرقية,999.0,2202.0,2199798.0
أرض,تجاري وسكني,الرياض, حي النسيم الشرقي ,شرقية,440.0,2954.0,1299760.0
أرض,تجاري وسكني,الرياض, حي اليرموك ,جنوبية,1089.0,2954.0,3216906.0
أرض,تجاري وسكني,الرياض, حي الشرق ,جنوبية,756.0,310.0,234360.0
أرض,تجاري وسكني,الرياض, حي النظيم ,شمالية,833.0,1441.0,1200353.0
أرض,تجاري وسكني,الرياض, حي النظيم ,جنوبية,2000.0,525.0,1050000.0
أرض,تجاري وسكني,الرياض, حي النظيم ,جنوبية شرقية,900.0,950.0,855000.0
أرض,تجاري وسكني,الرياض, حي النظيم ,شمالية,459.0,2500.0,1147500.0
أرض,تجاري وسكني,الرياض, حي اليرموك ,جنوبية شرقية,1170.0,5000.0,5850000.0
أرض,بدون غرض,الرياض, حي القادسية ,شرقية,543.0,2650.0,1438950.0
أرض,بدون غرض,الرياض, حي العارض ,جنوبية,432.0,2650.0,1144800.0
أرض,بدون غرض,الرياض, حي العارض ,جنوبية,747.0,2650.0,1979550.0
أرض,بدون غرض,الرياض, حي النرجس ,جنوبية,432.0,4900.0,2116800.0
أرض,بدون غرض,الرياض, العيينة ,جنوبية,937.0,4900.0,4591300.0
أرض,بدون غرض,الرياض, حي الجزيرة ,شمالية,240.0,4900.0,1176000.0
أرض,بدون غرض,الرياض, حي الجزيرة ,شمالية,240.0,800.0,192000.0
أرض,بدون غرض,الرياض, حي الجزيرة ,شرقية,900.0,800.0,720000.0
أرض,بدون غرض,الرياض, حي الشهداء ,شرقية,312.0,5000.0,1560000.0
أرض,بدون غرض,الرياض, حي الملقا ,غربية,900.0,5000.0,4500000.0
أرض,بدون غرض,الرياض, حي النرجس ,جنوبية,450.0,5000.0,2250000.0
أرض,بدون غرض,الرياض, حي الغنامية ,ثلاث شوارع,3660.0,1000.0,3660000.0
أرض,بدون غرض,الرياض, حي النرجس ,ثلاث شوارع,3660.0,1000.0,3660000.0
أرض,بدون غرض,الرياض, حي خشم العان ,شمالية,750.0,1000.0,750000.0
أرض,بدون غرض,الرياض, حي عرقة ,غربية,653.0,4800.0,3134400.0
أرض,بدون غرض,الرياض, حي المهدية ,ثلاث شوارع,450.0,3150.0,1417500.0
أرض,بدون غرض,الرياض, حي الدار البيضاء ,شرقية,1119.0,1600.0,1790400.0
أرض,بدون غرض,الرياض, حي المعيزيلة ,شمالية,4000.0,2200.0,8800000.0
أرض,بدون غرض,الرياض, حي المهدية ,شمالية,810.0,2550.0,2065500.0
أرض,بدون غرض,الرياض, حي سلطانة ,جنوبية,337.0,2550.0,859350.0
أرض,بدون غرض,الرياض, حي المونسية ,جنوبية شرقية,252.0,5000.0,1260000.0
أرض,بدون غرض,الرياض, حي النهضة ,جنوبية,412.0,2800.0,1153600.0
أرض,بدون غرض,الرياض, حي الندى ,جنوبية,412.0,2800.0,1153600.0
أرض,بدون غرض,الرياض, حي النرجس ,شمالية,3493.0,6200.0,21656600.0
أرض,بدون غرض,الرياض, حي النرجس ,شرقية,500.0,5500.0,2750000.0
أرض,سكني,الرياض, حي النرجس ,شرقية,500.0,5500.0,2750000.0
أرض,سكني,الرياض, العيينة ,شمالية غربية,1000.0,5500.0,5500000.0
أرض,سكني,الرياض, حي النرجس ,شمالية غربية,875.0,5500.0,4812500.0
أرض,سكني,الرياض, حي الرمال ,ثلاث شوارع,1080.0,3000.0,3240000.0
أرض,سكني,الرياض, العيينة ,ثلاث شوارع,674.0,3000.0,2022000.0
أرض,سكني,الرياض, حي المهدية ,شمالية,450.0,3000.0,1350000.0
أرض,سكني,الرياض, حي عرقة ,جنوبية,726.0,5000.0,3630000.0
أرض,سكني,الرياض, حي النرجس ,غربية,400.0,4900.0,1960000.0
أرض,سكني,الرياض, حي ظهرة لبن ,شمالية شرقية,1055.0,2500.0,2637500.0
أرض,سكني,الرياض, حي العين ,شمالية شرقية,674.0,1630.0,1098620.0
أرض,سكني,الرياض, حي حطين ,غربية,856.0,1630.0,1395280.0
أرض,سكني,الرياض, حي ظهرة لبن ,ثلاث شوارع,750.0,1833.0,1374750.0
أرض,سكني,الرياض, حي الهدا ,غربية,2317.0,3200.0,7414400.0
أرض,سكني,الرياض, حي الملقا ,غربية,2184.0,3200.0,6988800.0
أرض,سكني,الرياض, حي طويق ,شمالية,15730.0,3000.0,47190000.0
أرض,سكني,الرياض, حي المنصورة ,جنوبية,1000.0,8500.0,8500000.0
أرض,سكني,الرياض, حي طويق ,شمالية,5000.0,2600.0,13000000.0
أرض,سكني,الرياض, حي عريض ,أربع شوارع,750.0,1000.0,750000.0
أرض,سكني,الرياض, حي طويق ,جنوبية,11930.0,2200.0,26246000.0
أرض,سكني,الرياض, حي الملقا ,ثلاث شوارع,6372.0,8631.0,54996732.0
أرض,تجاري وسكني,الرياض, حي العارض ,ثلاث شوارع,2500.0,3300.0,8250000.0
أرض,تجاري وسكني,الرياض, حي المناخ ,شمالية,312.0,1300.0,405600.0
أرض,تجاري وسكني,الرياض, حي المناخ ,شمالية,900.0,1300.0,1170000.0
أرض,تجاري وسكني,الرياض, حي العارض ,شمالية,600.0,3600.0,2160000.0
أرض,تجاري وسكني,الرياض, حي ظهرة لبن ,شمالية شرقية,1055.0,2500.0,2637500.0
أرض,تجاري وسكني,الرياض, حي القيروان ,شمالية,900.0,6000.0,5400000.0
أرض,تجاري وسكني,الرياض, حي المهدية ,شمالية,900.0,6000.0,5400000.0
أرض,تجاري وسكني,الرياض, ضاحية نمار ,شمالية,450.0,3350.0,1507500.0
أرض,تجاري وسكني,الرياض, حي الخير ,شمالية شرقية,437.0,1739.0,759943.0
أرض,تجاري وسكني,الرياض, حي الصحافة ,شرقية,862.0,6500.0,5603000.0
أرض,تجاري وسكني,الرياض, حي المهدية ,شرقية,450.0,2600.0,1170000.0
أرض,تجاري وسكني,الرياض, حي طويق ,شرقية,870.0,2600.0,2262000.0
أرض,تجاري وسكني,الرياض, حي الخير ,غربية,750.0,2600.0,1950000.0
أرض,تجاري وسكني,الرياض, حي النرجس ,شرقية,900.0,6000.0,5400000.0
أرض,تجاري وسكني,الرياض, حي النرجس ,شمالية شرقية,900.0,6500.0,5850000.0
أرض,تجاري وسكني,الرياض, حي العوالي ,شرقية,500.0,6500.0,3250000.0
أرض,تجاري,الرياض, حي الرمال ,ثلاث شوارع,2900.0,3800.0,11020000.0
أرض,تجاري,الرياض, حي الصحافة ,شمالية غربية,2007.0,3800.0,7626600.0
أرض,تجاري,الرياض, حي الخير ,شرقية,750.0,3800.0,2850000.0
أرض,تجاري,الرياض, حي الغنامية ,جنوبية غربية,414.0,3800.0,1573200.0
أرض,تجاري,الرياض, حي النخيل ,ثلاث شوارع,10000.0,8000.0,80000000.0
أرض,تجاري,الرياض, حي اليرموك ,جنوبية,1089.0,3300.0,3593700.0
أرض,تجاري,الرياض, حي ظهرة نمار ,شمالية,300.0,3300.0,990000.0
أرض,تجاري,الرياض, حي المعيزلة ,جنوبية,550.0,3000.0,1650000.0
أرض,تجاري,الرياض, حي اليرموك ,جنوبية,1089.0,3200.0,3484800.0
أرض,تجاري,الرياض, حي اليرموك ,شمالية شرقية,300.0,3200.0,960000.0
أرض,تجاري,الرياض, حي اليرموك ,غربية,409.0,1000.0,409000.0
أرض,تجاري,الرياض, حي اليرموك ,جنوبية,1089.0,3250.0,3539250.0
أرض,تجاري,الرياض, حي الرمال ,شمالية شرقية,3092.0,650.0,2009800.0
أرض,تجاري,الرياض, حي المهدية ,غربية,409.0,2570.0,1051130.0
أرض,تجاري,الرياض, حي النرجس ,غربية,435.0,3200.0,1392000.0
أرض,تجاري وسكني,الرياض, طريق النفود ,ثلاث شوارع,495.0,2500.0,1237500.0
أرض,تجاري وسكني,الرياض, طريق النفود ,جنوبية,472.0,2500.0,1180000.0
أرض,تجاري وسكني,الرياض, حي الشرق ,شرقية,450.0,925.0,416250.0
أرض,تجاري وسكني,الرياض, حي عريض ,غربية,450.0,3100.0,1395000.0
أرض,تجاري وسكني,الرياض, حي عريض ,شمالية,517.0,3100.0,1602700.0
أرض,سكني,الرياض, حي عريض ,شمالية شرقية,2048.0,1709.0,3500032.0
أرض,سكني,الرياض, حي الدار البيضاء ,جنوبية,4675.0,1709.0,7989575.0
أرض,سكني,الرياض, حي النرجس ,شرقية,450.0,4900.0,2205000.0
أرض,تجاري,الرياض, حي النرجس ,شمالية,450.0,4700.0,2115000.0
أرض,سكني,الرياض, حي النرجس ,شمالية,450.0,4300.0,1935000.0
أرض,سكني,الرياض, حي الرمال ,شرقية,1560.0,6150.0,9594000.0
أرض,سكني,الرياض, حي النرجس ,جنوبية,432.0,4900.0,2116800.0
أرض,سكني,الرياض, حي ظهرة لبن ,جنوبية غربية,400.0,2200.0,880000.0
أرض,سكني,الرياض, حي ظهرة لبن ,شمالية شرقية,900.0,3100.0,2790000.0
أرض,سكني,الرياض, حي المهدية ,شمالية,300.0,3400.0,1020000.0
أرض,سكني,الرياض, حي المونسية ,شرقية,2115.0,3400.0,7191000.0
أرض,سكني,الرياض, حي عرقة ,غربية,653.0,3400.0,2220200.0
أرض,سكني,الرياض, حي الروضة ,شمالية,1798.0,1500.0,2697000.0
أرض,سكني,الرياض, حي النرجس ,شمالية شرقية,1050.0,7500.0,7875000.0
أرض,سكني,الرياض, حي المهدية ,غربية,400.0,7500.0,3000000.0
أرض,سكني,الرياض, حي الرمال ,شرقية,360.0,2900.0,1044000.0
أرض,سكني,الرياض, حي ظهرة لبن ,جنوبية,450.0,2900.0,1305000.0
أرض,سكني,الرياض, حي عريض ,جنوبية غربية,500.0,2900.0,1450000.0
أرض,سكني,الرياض, حي القيروان ,شمالية,900.0,6000.0,5400000.0
أرض,سكني,الرياض, حي الرمال ,ثلاث شوارع,3000.0,6000.0,18000000.0
أرض,سكني,الرياض, حي عريض ,غربية,324.0,6000.0,1944000.0
أرض,سكني,الرياض, حي النرجس ,جنوبية,900.0,800.0,720000.0
أرض,سكني,الرياض, حي النرجس ,شرقية,420.0,476.0,199920.0
أرض,سكني,الرياض, حي المهدية ,شرقية,391.0,476.0,186116.0
أرض,سكني,الرياض, حي المهدية ,شمالية,400.0,3500.0,1400000.0
أرض,سكني,الرياض, حي عريض ,جنوبية,348.0,1150.0,400200.0
أرض,سكني,الرياض, حي ظهرة لبن ,جنوبية,360.0,3472.0,1249920.0
أرض,سكني,الرياض, حي الحزم ,شمالية شرقية,420.0,1750.0,735000.0
أرض,سكني,الرياض, حي ظهرة لبن ,شمالية,360.0,3200.0,1152000.0
أرض,سكني,الرياض, حي ظهرة لبن ,شمالية,2394.0,3200.0,7660800.0
أرض,سكني,الرياض, حي النرجس ,شرقية,500.0,5300.0,2650000.0
أرض,سكني,الرياض, حي حطين ,شمالية,2000.0,10000.0,20000000.0
أرض,سكني,الرياض, حي ضاحية نمار ,شرقية,375.0,10000.0,3750000.0
أرض,سكني,الرياض, ضاحية نمار ,شمالية,990.0,909.0,899910.0
أرض,سكني,الرياض, حي الغنامية ,شرقية,160.0,668.0,106880.0
أرض,سكني,الرياض, ضاحية نمار ,شمالية,451.0,1400.0,631400.0
أرض,سكني,الرياض, حي الخير ,شرقية,840.0,1547.0,1299480.0
أرض,سكني,الرياض, حي الخير ,غربية,109.0,1834.0,199906.0
أرض,سكني,الرياض, حي الخير ,شمالية غربية,864.0,1600.0,1382400.0
أرض,سكني,الرياض, حي النرجس ,شمالية,500.0,5000.0,2500000.0
أرض,سكني,الرياض, حي عريض ,جنوبية,900.0,5000.0,4500000.0
أرض,سكني,الرياض, حي عكاظ ,شرقية,600.0,5000.0,3000000.0
أرض,سكني,الرياض, حي النرجس ,جنوبية,480.0,4800.0,2304000.0
أرض,سكني,الرياض, حي طويق ,جنوبية,360.0,2500.0,900000.0
أرض,سكني,الرياض, حي بنبان ,شرقية,800.0,2125.0,1700000.0
أرض,سكني,الرياض, حي المشرق ,جنوبية,750.0,2125.0,1593750.0
أرض,سكني,الرياض, حي العوالي ,جنوبية,352.0,3150.0,1108800.0
أرض,سكني,الرياض, حي الملقا ,غربية,928.0,10000.0,9280000.0
أرض,سكني,الرياض, حي حطين ,ثلاث شوارع,2816.0,10000.0,28160000.0
أرض,سكني,الرياض, حي المهدية ,غربية,625.0,10000.0,6250000.0
أرض,سكني,الرياض, حي عرقة ,غربية,453.0,4800.0,2174400.0
أرض,سكني,الرياض, حي عرقة ,شمالية غربية,432.0,4800.0,2073600.0
أرض,سكني,الرياض, حي ظهرة لبن ,شمالية,930.0,2600.0,2418000.0
أرض,سكني,الرياض, حي ظهرة لبن ,شمالية,300.0,2600.0,780000.0
أرض,سكني,الرياض, حي ظهرة لبن ,شمالية,572.0,2600.0,1487200.0
أرض,سكني,الرياض, حي السويدي ,جنوبية شرقية,625.0,3400.0,2125000.0
أرض,سكني,الرياض, حي المهدية ,شمالية شرقية,400.0,2570.0,1028000.0
أرض,سكني,الرياض, حي النرجس ,جنوبية غربية,1400.0,8000.0,11200000.0
أرض,سكني,الرياض, حي الحزم ,جنوبية,675.0,6000.0,4050000.0
أرض,سكني,الرياض, حي عكاظ ,غربية,2520.0,6000.0,15120000.0
أرض,سكني,الرياض, حي البيان ,شمالية,375.0,714.0,267750.0
أرض,سكني,الرياض, حي البديعة ,ثلاث شوارع,4260.0,3521.0,14999460.0
أرض,سكني,الرياض, حي البديعة ,جنوبية شرقية,735.0,1632.0,1199520.0
أرض,سكني,الرياض, حي الملك فهد ,شمالية شرقية,1419.0,4200.0,5959800.0
أرض,سكني,الرياض, حي المحمدية ,جنوبية,360.0,7500.0,2700000.0
أرض,سكني,الرياض, حي النهضة ,غربية,432.0,1260.0,544320.0
أرض,سكني,الرياض, حي منفوحة الجديدة ,شرقية,85.0,1400.0,119000.0
أرض,سكني,الرياض, حي المهدية ,شمالية,675.0,3000.0,2025000.0
أرض,سكني,الرياض, ضاحية نمار ,شمالية,437.0,3000.0,1311000.0
أرض,سكني,الرياض, حي العارض ,غربية,432.0,4650.0,2008800.0
أرض,سكني,الرياض, حي الربيع ,غربية,750.0,7000.0,5250000.0
أرض,سكني,الرياض, حي النهضة ,شمالية,450.0,7000.0,3150000.0
أرض,سكني,الرياض, حي العقيق ,غربية,300.0,834.0,250200.0
أرض,سكني,الرياض, العيينة ,جنوبية,937.0,3800.0,3560600.0
أرض,سكني,الرياض, حي النرجس ,شرقية,520.0,5200.0,2704000.0
أرض,سكني,الرياض, حي المهدية ,غربية,410.0,2439.0,999990.0
أرض,سكني,الرياض, حي المهدية ,شرقية,900.0,2439.0,2195100.0
أرض,سكني,الرياض, حي اليرموك ,جنوبية,1089.0,3300.0,3593700.0
أرض,سكني,الرياض, حي حطين ,جنوبية شرقية,1950.0,10000.0,19500000.0
أرض,سكني,الرياض, حي النخيل ,ثلاث شوارع,1987.0,10000.0,19870000.0
أرض,سكني,الرياض, حي المهدية ,جنوبية,560.0,2680.0,1500800.0
أرض,سكني,الرياض, حي المهدية ,جنوبية,459.0,2680.0,1230120.0
أرض,سكني,الرياض, حي اليرموك ,شمالية غربية,385.0,4700.0,1809500.0
أرض,سكني,الرياض, حي النفل ,شمالية,375.0,5600.0,2100000.0
أرض,سكني,الرياض, حي النفل ,غربية,428.0,5600.0,2396800.0
أرض,سكني,الرياض, حي العارض ,شمالية,500.0,4400.0,2200000.0
أرض,سكني,الرياض, حي البرية ,جنوبية,630.0,850.0,535500.0
أرض,سكني,الرياض, حي الصناعية القديمة ,جنوبية شرقية,1849.0,850.0,1571650.0
أرض,سكني,الرياض, حي النرجس ,شمالية شرقية,944.0,6000.0,5664000.0
أرض,سكني,الرياض, حي المهدية ,شمالية,460.0,6000.0,2760000.0
أرض,سكني,الرياض, حي البيان ,جنوبية,375.0,6000.0,2250000.0
أرض,سكني,الرياض, حي عريض ,جنوبية,375.0,6000.0,2250000.0
أرض,سكني,الرياض, حي القيروان ,شمالية,900.0,5700.0,5130000.0
أرض,سكني,الرياض, حي ظهرة لبن ,شمالية,400.0,1800.0,720000.0
أرض,سكني,الرياض, حي ظهرة نمار ,شمالية,400.0,1800.0,720000.0
أرض,سكني,الرياض, حي الخير ,شمالية,1714.0,7888.0,13520032.0
أرض,سكني,الرياض, حي عرقة ,غربية,653.0,4800.0,3134400.0
أرض,سكني,الرياض, حي القيروان ,شمالية,900.0,422.0,379800.0
أرض,بدون غرض,الرياض, حي النرجس ,جنوبية غربية,1000.0,5000.0,5000000.0
أرض,بدون غرض,الرياض, حي المهدية ,ثلاث شوارع,450.0,3111.0,1399950.0
أرض,بدون غرض,الرياض, حي النرجس ,غربية,399.0,5650.0,2254350.0
أرض,بدون غرض,الرياض, حي النرجس ,شرقية,160.0,5650.0,904000.0
أرض,سكني,الرياض, حي المروة ,جنوبية,325.0,1200.0,390000.0
أرض,سكني,الرياض, حي النرجس ,جنوبية غربية,1000.0,6400.0,6400000.0
أرض,سكني,الرياض, حي ضاحية نمار ,جنوبية,450.0,1160.0,522000.0
أرض,سكني,الرياض, حي الدار البيضاء ,شمالية,750.0,1600.0,1200000.0
أرض,سكني,الرياض, حي العزيزية ,شمالية غربية,26966.0,1000.0,26966000.0
أرض,سكني,الرياض, حي شبرا ,جنوبية,276.0,1000.0,276000.0
أرض,سكني,الرياض, ضاحية نمار ,شمالية,900.0,6000.0,5400000.0
أرض,سكني,الرياض, حي المهدية ,شرقية,700.0,2500.0,1750000.0
أرض,تجاري,الرياض, حي عكاظ ,شمالية,900.0,4000.0,3600000.0
أرض,تجاري,الرياض, حي عكاظ ,جنوبية شرقية,1600.0,968.0,1548800.0
أرض,تجاري,الرياض, حي المربع ,شمالية,437.0,2300.0,1005100.0
أرض,تجاري,الرياض, حي المربع ,ثلاث شوارع,495.0,2300.0,1138500.0
أرض,تجاري,الرياض, حي النسيم الغربي ,شرقية,750.0,1240.0,930000.0
أرض,تجاري,الرياض, حي ظهرة لبن ,جنوبية,432.0,7000.0,3024000.0
أرض,تجاري,الرياض, حي النرجس ,جنوبية,345.0,7000.0,2415000.0
أرض,تجاري,الرياض, حي النسيم الغربي ,جنوبية,345.0,7000.0,2415000.0
أرض,تجاري,الرياض, حي الشرق ,جنوبية,437.0,7000.0,3059000.0
أرض,تجاري,الرياض, ضاحية نمار ,جنوبية,300.0,7000.0,2100000.0
أرض,تجاري,الرياض, ضاحية نمار ,شمالية,598.0,752.0,449696.0
أرض,تجاري,الرياض, حي طويق ,ثلاث شوارع,5595.0,2700.0,15106500.0
أرض,سكني,الرياض, حي النرجس ,جنوبية,345.0,6200.0,2139000.0
أرض,سكني,الرياض, حي ظهرة لبن ,شمالية,450.0,4500.0,2025000.0
أرض,سكني,الرياض, حي ظهرة لبن ,شمالية,375.0,1500.0,562500.0
أرض,سكني,الرياض, حي النرجس ,غربية,22300.0,2700.0,60210000.0
أرض,سكني,الرياض, حي العارض ,جنوبية,495.0,4200.0,2079000.0
أرض,سكني,الرياض, حي القادسية ,أربع شوارع,10000.0,2400.0,24000000.0
أرض,سكني,الرياض, حي خشم العان ,أربع شوارع,10000.0,2400.0,24000000.0
أرض,سكني,الرياض, حي عرقة ,غربية,1400.0,2400.0,3360000.0
أرض,سكني,الرياض, حي المشرق ,شمالية,900.0,559.0,503100.0
أرض,سكني,الرياض, حي الصفا ,غربية,400.0,3600.0,1440000.0
أرض,سكني,الرياض, حي الغنامية ,ثلاث شوارع,4250.0,3600.0,15300000.0
أرض,سكني,الرياض, العيينة ,شمالية,438.0,2950.0,1292100.0
أرض,سكني,الرياض, حي المهدية ,غربية,350.0,2950.0,1032500.0
أرض,سكني,الرياض, حي المهدية ,جنوبية,4772.0,550.0,2624600.0
أرض,سكني,الرياض, حي الشفا ,جنوبية,535.0,1730.0,925550.0
أرض,سكني,الرياض, حي الملك فيصل ,جنوبية,900.0,1730.0,1557000.0
أرض,سكني,الرياض, حي الملك فيصل ,شمالية,390.0,4200.0,1638000.0
أرض,سكني,الرياض, حي المهدية ,شمالية غربية,432.0,4200.0,1814400.0
أرض,سكني,الرياض, طريق النفود ,شمالية,400.0,575.0,230000.0
أرض,سكني,الرياض, حي المشرق ,شمالية,400.0,575.0,230000.0
أرض,سكني,الرياض, حي المشرق ,شمالية,763.0,575.0,438725.0
أرض,تجاري,الرياض, حي غرناطة ,شمالية,575.0,5800.0,3335000.0
أرض,تجاري,الرياض, حي السلي ,شرقية,15000.0,1533.0,22995000.0
أرض,تجاري,الرياض, حي النرجس ,شمالية غربية,900.0,2857.0,2571300.0
أرض,تجاري,الرياض, حي المهدية ,شمالية,420.0,2857.0,1199940.0
أرض,تجاري,الرياض, حي الخير ,شمالية,455.0,3200.0,1456000.0
أرض,تجاري,الرياض, حي المغرزات ,شمالية,514.0,7000.0,3598000.0
أرض,تجاري,الرياض, حي المهدية ,شمالية,500.0,3600.0,1800000.0
أرض,تجاري,الرياض, حي الخير ,شمالية,503.0,1775.0,892825.0
أرض,تجاري,الرياض, حي طويق ,شمالية,503.0,1775.0,892825.0
أرض,تجاري,الرياض, حي القيروان ,غربية,600.0,6400.0,3840000.0
أرض,تجاري,الرياض, حي النرجس ,شمالية غربية,962.0,6400.0,6156800.0
أرض,سكني,الرياض, حي عريض ,جنوبية شرقية,517.0,774.0,400158.0
أرض,سكني,الرياض, حي الخير ,غربية,354.0,1800.0,637200.0
أرض,سكني,الرياض, حي عرقة ,شمالية,600.0,1800.0,1080000.0
أرض,سكني,الرياض, حي عرقة ,جنوبية,412.0,3200.0,1318400.0
أرض,سكني,الرياض, حي النرجس ,جنوبية,458.0,3200.0,1465600.0
أرض,سكني,الرياض, حي المغرزات ,جنوبية شرقية,1050.0,7500.0,7875000.0
أرض,سكني,الرياض, حي القيروان ,غربية,600.0,6350.0,3810000.0
أرض,سكني,الرياض, حي الرمال ,جنوبية,416.0,3200.0,1331200.0
أرض,سكني,الرياض, حي عريض ,شمالية,3493.0,1000.0,3493000.0
أرض,سكني,الرياض, حي بدر ,شرقية,351.0,1000.0,351000.0
أرض,سكني,الرياض, حي غرناطة ,ثلاث شوارع,4187.0,1000.0,4187000.0
أرض,سكني,الرياض, حي ظهرة لبن ,شمالية,900.0,3800.0,3420000.0
أرض,سكني,الرياض, حي ظهرة لبن ,جنوبية,731.0,3800.0,2777800.0
أرض,سكني,الرياض, حي ظهرة لبن ,شرقية,2500.0,6800.0,17000000.0
أرض,سكني,الرياض, حي النهضة ,شرقية,362.0,2700.0,977400.0
أرض,سكني,الرياض, حي السلي ,شمالية,750.0,1800.0,1350000.0
أرض,سكني,الرياض, حي المهدية ,شمالية,450.0,1800.0,810000.0
أرض,سكني,الرياض, حي المهدية ,جنوبية,450.0,1800.0,810000.0
أرض,سكني,الرياض, حي اشبيلية ,أربع شوارع,5670.0,4900.0,27783000.0
أرض,سكني,الرياض, العيينة ,جنوبية,630.0,1190.0,749700.0
أرض,سكني,الرياض, العيينة ,جنوبية,747.0,414.0,309258.0
أرض,سكني,الرياض, حي الخير ,شرقية,375.0,414.0,155250.0
أرض,سكني,الرياض, حي النهضة ,شرقية,420.0,3000.0,1260000.0
أرض,سكني,الرياض, حي النرجس ,شمالية غربية,900.0,4800.0,4320000.0
أرض,سكني,الرياض, حي النرجس ,شمالية,720.0,4800.0,3456000.0
أرض,سكني,الرياض, حي المروج ,شمالية شرقية,900.0,5500.0,4950000.0
أرض,سكني,الرياض, حي النرجس ,جنوبية,896.0,5500.0,4928000.0
أرض,سكني,الرياض, حي الحمراء ,شرقية,1125.0,4800.0,5400000.0
أرض,سكني,الرياض, حي عريض ,شرقية,375.0,900.0,337500.0
أرض,سكني,الرياض, طريق سعيد ابن زيد ,شرقية,375.0,900.0,337500.0
أرض,سكني,الرياض, حي الرمال ,جنوبية,412.0,3150.0,1297800.0
أرض,سكني,الرياض, حي العارض ,جنوبية,638.0,3150.0,2009700.0
أرض,سكني,الرياض, حي النرجس ,شمالية,810.0,1466.0,1187460.0
أرض,سكني,الرياض, حي العلا ,جنوبية,750.0,1466.0,1099500.0
أرض,سكني,الرياض, حي ظهرة لبن ,جنوبية,450.0,3000.0,1350000.0
أرض,سكني,الرياض, حي عريض ,شمالية,400.0,3000.0,1200000.0
أرض,سكني,الرياض, حي العزيزية ,أربع شوارع,14835.0,3000.0,44505000.0
أرض,سكني,الرياض, حي العزيزية ,جنوبية,437.0,1200.0,524400.0
أرض,سكني,الرياض, حي النرجس ,شمالية,900.0,1200.0,1080000.0
أرض,سكني,الرياض, حي ظهرة لبن ,شمالية,400.0,1200.0,480000.0
أرض,سكني,الرياض, حي العارض ,شرقية,400.0,4500.0,1800000.0
أرض,سكني,الرياض, طريق النفود ,شمالية,382.0,4500.0,1719000.0
أرض,سكني,الرياض, حي النهضة ,شمالية,450.0,2650.0,1192500.0
أرض,سكني,الرياض, حي المهدية ,جنوبية,600.0,2650.0,1590000.0
أرض,سكني,الرياض, حي بنبان ,شمالية شرقية,4800.0,5000.0,24000000.0
أرض,سكني,الرياض, حي ظهرة لبن ,شمالية,450.0,2555.0,1149750.0
أرض,سكني,الرياض, حي بدر ,غربية,345.0,1304.0,449880.0
أرض,سكني,الرياض, حي بدر ,شمالية,2000.0,1304.0,2608000.0
أرض,سكني,الرياض, حي المغرزات ,شمالية,2000.0,1304.0,2608000.0
أرض,سكني,الرياض, حي المغرزات ,جنوبية غربية,969.0,1304.0,1263576.0
أرض,سكني,الرياض, العيينة ,شمالية,4956.0,2100.0,10407600.0
أرض,سكني,الرياض, حي المشرق ,شمالية شرقية,2000.0,2100.0,4200000.0
أرض,سكني,الرياض, حي عريض ,جنوبية غربية,400.0,800.0,320000.0
أرض,سكني,الرياض, حي العارض ,جنوبية غربية,400.0,800.0,320000.0
أرض,سكني,الرياض, حي القادسية ,جنوبية,597.0,5200.0,3104400.0
أرض,سكني,الرياض, حي النرجس ,غربية,399.0,5850.0,2334150.0
أرض,سكني,الرياض, حي النرجس ,جنوبية غربية,10000.0,5850.0,58500000.0
أرض,سكني,الرياض, حي القدس ,غربية,450.0,5300.0,2385000.0
أرض,سكني,الرياض, العيينة ,شمالية,4956.0,2200.0,10903200.0
أرض,سكني,الرياض, العيينة ,جنوبية,750.0,7333.0,5499750.0
أرض,سكني,الرياض, حي الرمال ,جنوبية,900.0,2900.0,2610000.0
أرض,سكني,الرياض, حي ظهرة لبن ,جنوبية,450.0,2800.0,1260000.0
أرض,سكني,الرياض, طريق النفود ,جنوبية,900.0,2800.0,2520000.0
أرض,سكني,الرياض, طريق النفود ,جنوبية,450.0,2800.0,1260000.0
أرض,سكني,الرياض, حي القادسية ,شمالية,450.0,2800.0,1260000.0
أرض,سكني,الرياض, حي القادسية ,جنوبية,736.0,2800.0,2060800.0
أرض,سكني,الرياض, حي القادسية ,شمالية,750.0,2800.0,2100000.0
أرض,سكني,الرياض, حي ظهرة لبن ,غربية,400.0,2000.0,800000.0
أرض,سكني,الرياض, ضاحية نمار ,جنوبية,2311.0,800.0,1848800.0
أرض,سكني,الرياض, حي المهدية ,شمالية غربية,585.0,800.0,468000.0
أرض,سكني,الرياض, حي عكاظ ,شمالية,1440.0,1388.0,1998720.0
أرض,سكني,الرياض, حي النرجس ,شرقية,3540.0,1388.0,4913520.0
أرض,سكني,الرياض, حي النرجس ,شمالية غربية,900.0,4000.0,3600000.0
أرض,سكني,الرياض, حي ظهرة نمار ,جنوبية,706.0,2266.0,1599796.0
أرض,سكني,الرياض, حي الروضة ,شمالية,750.0,3700.0,2775000.0
أرض,سكني,الرياض, حي العوالي ,غربية,367.0,3700.0,1357900.0
أرض,تجاري وسكني,الرياض, حي النسيم الغربي ,جنوبية,750.0,1800.0,1350000.0
أرض,تجاري وسكني,الرياض, حي الروضة ,غربية,750.0,4000.0,3000000.0
أرض,تجاري وسكني,الرياض, حي الروضة ,شمالية غربية,750.0,4000.0,3000000.0
أرض,تجاري وسكني,الرياض, ضاحية نمار ,غربية,750.0,4000.0,3000000.0
أرض,تجاري وسكني,الرياض, ضاحية نمار ,جنوبية,750.0,4000.0,3000000.0
أرض,تجاري وسكني,الرياض, حي المهدية ,شمالية غربية,787.0,318.0,250266.0
أرض,تجاري وسكني,الرياض, حي المهدية ,شمالية,499.0,318.0,158682.0
أرض,تجاري وسكني,الرياض, حي المهدية ,غربية,400.0,318.0,127200.0
أرض,تجاري وسكني,الرياض, حي المهدية ,شمالية,750.0,318.0,238500.0
أرض,تجاري وسكني,الرياض, حي ظهرة لبن ,جنوبية,450.0,3100.0,1395000.0
أرض,تجاري وسكني,الرياض, حي الخير ,شرقية,455.0,867.0,394485.0
أرض,تجاري وسكني,الرياض, حي المهدية ,شمالية,300.0,867.0,260100.0
أرض,تجاري وسكني,الرياض, حي طويق ,شمالية,840.0,867.0,728280.0
أرض,تجاري وسكني,الرياض, حي طويق ,غربية,756.0,867.0,655452.0
أرض,تجاري وسكني,الرياض, حي النرجس ,شمالية غربية,900.0,4000.0,3600000.0
أرض,تجاري وسكني,الرياض, حي النرجس ,جنوبية,450.0,3700.0,1665000.0
أرض,تجاري وسكني,الرياض, حي المشاعل ,شرقية,2529.0,3700.0,9357300.0
أرض,تجاري وسكني,الرياض, حي ظهرة نمار ,شمالية,861.0,3700.0,3185700.0
أرض,تجاري وسكني,الرياض, حي ظهرة لبن ,جنوبية غربية,400.0,4500.0,1800000.0
أرض,تجاري وسكني,الرياض, حي ظهرة نمار ,جنوبية,862.0,4500.0,3879000.0
أرض,تجاري وسكني,الرياض, حي ظهرة لبن ,جنوبية غربية,400.0,2250.0,900000.0
أرض,تجاري وسكني,الرياض, حي ظهرة لبن ,شرقية,918.0,2250.0,2065500.0
أرض,تجاري وسكني,الرياض, حي المروج ,شمالية,300.0,2250.0,675000.0
أرض,تجاري وسكني,الرياض, حي ظهرة نمار ,شمالية,861.0,2250.0,1937250.0
أرض,تجاري وسكني,الرياض, حي طويق ,جنوبية,840.0,2261.0,1899240.0
أرض,تجاري وسكني,الرياض, حي العوالي ,جنوبية,850.0,2261.0,1921850.0
أرض,تجاري وسكني,الرياض, حي ظهرة نمار ,جنوبية,877.0,2261.0,1982897.0
أرض,تجاري وسكني,الرياض, حي المناخ ,جنوبية,337.0,2240.0,754880.0
أرض,تجاري وسكني,الرياض, حي المهدية ,جنوبية,337.0,2240.0,754880.0
أرض,تجاري وسكني,الرياض, حي طويق ,شمالية,900.0,1133.0,1019700.0
أرض,تجاري وسكني,الرياض, حي العوالي ,شمالية,900.0,1133.0,1019700.0
أرض,تجاري وسكني,الرياض, حي طويق ,شمالية,900.0,3150.0,2835000.0
أرض,تجاري وسكني,الرياض, حي العوالي ,شمالية,900.0,3150.0,2835000.0
أرض,تجاري وسكني,الرياض, حي المهدية ,شمالية,450.0,3150.0,1417500.0
أرض,تجاري وسكني,الرياض, حي المهدية ,جنوبية غربية,400.0,3000.0,1200000.0
أرض,سكني,الرياض, حي ظهرة لبن ,جنوبية غربية,400.0,2250.0,900000.0
أرض,سكني,الرياض, حي المهدية ,شمالية,445.0,3000.0,1335000.0
أرض,سكني,الرياض, حي العزيزية ,غربية,500.0,1850.0,925000.0
أرض,سكني,الرياض, حي المهدية ,جنوبية شرقية,450.0,3000.0,1350000.0
أرض,سكني,الرياض, حي الشرق ,شمالية,454.0,2500.0,1135000.0
أرض,سكني,الرياض, حي ظهرة لبن ,جنوبية,1200.0,2500.0,3000000.0
أرض,سكني,الرياض, حي المهدية ,جنوبية,450.0,9891.0,4450950.0
أرض,سكني,الرياض, شارع ابن ماجه ,ثلاث شوارع,10500.0,2700.0,28350000.0
أرض,سكني,الرياض, حي المغرزات ,جنوبية شرقية,1050.0,8000.0,8400000.0
أرض,سكني,الرياض, حي المهدية ,جنوبية شرقية,1050.0,8000.0,8400000.0
أرض,سكني,الرياض, حي المهدية ,شمالية,536.0,2600.0,1393600.0
أرض,سكني,الرياض, حي القيروان ,شمالية,536.0,2600.0,1393600.0
أرض,سكني,الرياض, حي القيروان ,غربية,600.0,6300.0,3780000.0
أرض,سكني,الرياض, حي المهدية ,شمالية غربية,585.0,6300.0,3685500.0
أرض,سكني,الرياض, حي المهدية ,غربية,744.0,1800.0,1339200.0
أرض,سكني,الرياض, حي السعادة ,غربية,744.0,1800.0,1339200.0
أرض,سكني,الرياض, حي المهدية ,شمالية,418.0,2700.0,1128600.0
أرض,سكني,الرياض, ضاحية نمار ,شمالية,750.0,2700.0,2025000.0
أرض,سكني,الرياض, حي النرجس ,غربية,399.0,5800.0,2314200.0
أرض,سكني,الرياض, حي المهدية ,جنوبية,1250.0,2800.0,3500000.0
أرض,سكني,الرياض, حي العليا ,جنوبية,1250.0,2800.0,3500000.0
أرض,سكني,الرياض, حي الخير ,جنوبية,375.0,1413.0,529875.0
أرض,سكني,الرياض, حي العليا ,شمالية شرقية,600.0,1413.0,847800.0
أرض,سكني,الرياض, حي الندوة ,شمالية,375.0,900.0,337500.0
أرض,سكني,الرياض, حي الندوة ,شرقية,900.0,1000.0,900000.0
أرض,سكني,الرياض, حي المهدية ,شمالية غربية,787.0,3200.0,2518400.0
أرض,سكني,الرياض, حي المهدية ,غربية,900.0,1000.0,900000.0
أرض,سكني,الرياض, حي الفيحاء ,غربية,720.0,1000.0,720000.0
أرض,سكني,الرياض, حي الفيحاء ,غربية,900.0,1000.0,900000.0
أرض,سكني,الرياض, حي الفيحاء ,جنوبية غربية,900.0,777.0,699300.0
أرض,سكني,الرياض, حي العارض ,ثلاث شوارع,1490.0,777.0,1157730.0
أرض,سكني,الرياض, حي ظهرة لبن ,جنوبية غربية,400.0,2338.0,935200.0
أرض,سكني,الرياض, ,جنوبية,450.0,4555.0,2049750.0
أرض,تجاري وسكني,الرياض, حي العوالي ,شمالية,1060.0,2000.0,2120000.0
أرض,تجاري وسكني,الرياض, حي العوالي ,شرقية,900.0,1111.0,999900.0
أرض,سكني,الرياض, حي بدر ,جنوبية,500.0,1300.0,650000.0
أرض,سكني,الرياض, حي بدر ,غربية,900.0,1300.0,1170000.0
أرض,سكني,الرياض, حي ظهرة لبن ,جنوبية,625.0,1300.0,812500.0
أرض,سكني,الرياض, حي المهدية ,شمالية,499.0,1300.0,648700.0
أرض,سكني,الرياض, حي المهدية ,شرقية,900.0,1111.0,999900.0
أرض,سكني,الرياض, ضاحية نمار ,شمالية غربية,2001.0,1111.0,2223111.0
أرض,سكني,الرياض, ضاحية نمار ,شرقية,900.0,1111.0,999900.0
أرض,بدون غرض,الرياض, ضاحية نمار ,شمالية,1993.0,1004.0,2000972.0
أرض,بدون غرض,الرياض, حي الهدا ,غربية,856.0,6200.0,5307200.0
أرض,بدون غرض,الرياض, حي الهدا ,شمالية شرقية,2033.0,6200.0,12604600.0
أرض,بدون غرض,الرياض, حي النرجس ,شمالية شرقية,2033.0,6200.0,12604600.0
أرض,بدون غرض,الرياض, ضاحية نمار ,غربية,2025.0,6200.0,12555000.0
أرض,بدون غرض,الرياض, حي النرجس ,شرقية,520.0,5300.0,2756000.0
أرض,سكني,الرياض, حي النرجس ,شرقية,525.0,4800.0,2520000.0
أرض,سكني,الرياض, حي النرجس ,شرقية,525.0,4700.0,2467500.0
أرض,سكني,الرياض, حي النرجس ,شمالية,2061.0,4700.0,9686700.0
أرض,سكني,الرياض, حي الملقا ,شمالية,4440.0,7000.0,31080000.0
أرض,سكني,الرياض, حي النرجس ,غربية,5995.0,7000.0,41965000.0
أرض,سكني,الرياض, حي الخير ,غربية,375.0,1600.0,600000.0
أرض,سكني,الرياض, حي الروضة ,شمالية شرقية,608.0,4000.0,2432000.0
أرض,سكني,الرياض, حي الخير ,غربية,400.0,1500.0,600000.0
أرض,سكني,الرياض, حي الروضة ,شرقية,543.0,4100.0,2226300.0
أرض,سكني,الرياض, حي المهدية ,شمالية,600.0,2416.0,1449600.0
أرض,سكني,الرياض, حي الملك فيصل ,شرقية,750.0,3350.0,2512500.0
أرض,سكني,الرياض, حي اليرموك ,شمالية,300.0,3600.0,1080000.0
أرض,سكني,الرياض, حي المصانع ,ثلاث شوارع,3157.0,3600.0,11365200.0
أرض,سكني,الرياض, حي المعيزلة ,شمالية,437.0,2900.0,1267300.0
أرض,سكني,الرياض, حي الملك فيصل ,غربية,760.0,526.0,399760.0
أرض,سكني,الرياض, حي الملقا ,شمالية,546.0,9000.0,4914000.0
أرض,سكني,الرياض, حي الرمال ,جنوبية غربية,1930.0,2800.0,5404000.0
أرض,سكني,الرياض, حي السعادة ,جنوبية,306.0,2777.0,849762.0
أرض,سكني,الرياض, حي النرجس ,غربية,400.0,5000.0,2000000.0
أرض,سكني,الرياض, حي الرمال ,غربية,600.0,3000.0,1800000.0
أرض,سكني,الرياض, حي الياسمين ,شمالية,910.0,19780.0,17999800.0
أرض,سكني,الرياض, حي الياسمين ,شمالية,2172.0,19780.0,42962160.0
أرض,سكني,الرياض, حي ثليم ,جنوبية غربية,333.0,19780.0,6586740.0
أرض,سكني,الرياض, حي ثليم ,شرقية,2227.0,19780.0,44050060.0
أرض,سكني,الرياض, ضاحية نمار ,شرقية,2227.0,19780.0,44050060.0
أرض,سكني,الرياض, ضاحية نمار ,شمالية شرقية,2215.0,19780.0,43812700.0
أرض,سكني,الرياض, ضاحية نمار ,جنوبية,2200.0,19780.0,43516000.0
أرض,سكني,الرياض, ضاحية نمار ,جنوبية شرقية,2200.0,19780.0,43516000.0
أرض,سكني,الرياض, ضاحية نمار ,غربية,2227.0,19780.0,44050060.0
أرض,سكني,الرياض, ,شرقية,360.0,19780.0,7120800.0
أرض,سكني,الرياض, ,غربية,375.0,1201.0,450375.0
أرض,سكني,الرياض, حي المشرق ,شمالية,750.0,480.0,360000.0
أرض,سكني,الرياض, حي الجنادرية ,شمالية شرقية,500.0,480.0,240000.0
أرض,سكني,الرياض, حي العليا ,شمالية شرقية,1741.0,6000.0,10446000.0
أرض,سكني,الرياض, حي الرمال ,ثلاث شوارع,1200.0,3400.0,4080000.0
أرض,سكني,الرياض, امارة منطقة الرياض ,شمالية,750.0,600.0,450000.0
أرض,سكني,الرياض, امارة منطقة الرياض ,شمالية شرقية,2237.0,600.0,1342200.0
أرض,سكني,الرياض, امارة منطقة الرياض ,شمالية غربية,2250.0,600.0,1350000.0
أرض,سكني,الرياض, امارة منطقة الرياض ,شمالية غربية,2237.0,600.0,1342200.0
أرض,سكني,الرياض, امارة منطقة الرياض ,شمالية,2250.0,600.0,1350000.0
أرض,سكني,الرياض, امارة منطقة الرياض ,شمالية,1650.0,8000.0,13200000.0
أرض,سكني,الرياض, امارة منطقة الرياض ,غربية,2250.0,888.0,1998000.0
أرض,سكني,الرياض, امارة منطقة الرياض ,غربية,900.0,888.0,799200.0
أرض,سكني,الرياض, حي العلا ,شمالية,936.0,459.0,429624.0
أرض,سكني,الرياض, حي اليرموك ,جنوبية,1089.0,459.0,499851.0
أرض,تجاري وسكني,الرياض, ملهم ,شرقية,312.0,1925.0,600600.0
أرض,تجاري وسكني,الرياض, ضاحية نمار ,شمالية,1060.0,2000.0,2120000.0
أرض,سكني,الرياض, حي النرجس ,شمالية,900.0,4000.0,3600000.0
أرض,سكني,الرياض, حي النرجس ,غربية,450.0,2000.0,900000.0
أرض,سكني,الرياض, حي النرجس ,شمالية,300.0,2000.0,600000.0
أرض,سكني,الرياض, حي النرجس ,شمالية,455.0,4800.0,2184000.0
أرض,سكني,الرياض, حي المهدية ,شمالية,300.0,3500.0,1050000.0
أرض,سكني,الرياض, حي المهدية ,شمالية,300.0,3333.0,999900.0
أرض,سكني,الرياض, حي بنبان ,شمالية,503.0,1230.0,618690.0
أرض,سكني,الرياض, حي ظهرة لبن ,جنوبية,450.0,2700.0,1215000.0
أرض,سكني,الرياض, حي المهدية ,غربية,450.0,1400.0,630000.0
أرض,سكني,الرياض, حي ظهرة لبن ,جنوبية,400.0,2625.0,1050000.0
أرض,تجاري وسكني,الرياض, حي ثليم ,جنوبية غربية,340.0,4400.0,1496000.0
أرض,تجاري وسكني,الرياض, حي ثليم ,جنوبية غربية,432.0,4400.0,1900800.0
أرض,تجاري وسكني,الرياض, حي ظهرة لبن ,جنوبية,450.0,4400.0,1980000.0
أرض,تجاري وسكني,الرياض, حي ظهرة لبن ,جنوبية شرقية,2327.0,859.0,1998893.0
أرض,تجاري وسكني,الرياض, حي الياسمين ,جنوبية,1500.0,6700.0,10050000.0
أرض,تجاري وسكني,الرياض, حي النرجس ,شمالية,455.0,4800.0,2184000.0
أرض,تجاري وسكني,الرياض, حي عريض ,شرقية,700.0,1350.0,945000.0
أرض,تجاري وسكني,الرياض, حي عريض ,شمالية,785.0,1350.0,1059750.0
أرض,تجاري وسكني,الرياض, حي اليمامة ,غربية,386.0,2350.0,907100.0
أرض,تجاري وسكني,الرياض, حي الياسمين ,جنوبية,1500.0,6667.0,10000500.0
أرض,سكني,الرياض, حي القدس ,جنوبية,500.0,4100.0,2050000.0
أرض,سكني,الرياض, حي عرقة ,شمالية,536.0,6000.0,3216000.0
أرض,سكني,الرياض, حي القيروان ,غربية,450.0,6000.0,2700000.0
أرض,سكني,الرياض, حي المهدية ,شرقية,391.0,1800.0,703800.0
أرض,سكني,الرياض, حي المهدية ,شمالية,670.0,993.0,665310.0
أرض,سكني,الرياض, حي بدر ,ثلاث شوارع,7861.0,993.0,7805973.0
أرض,سكني,الرياض, حي حطين ,جنوبية غربية,1200.0,10000.0,12000000.0
أرض,سكني,الرياض, حي بدر ,جنوبية غربية,1200.0,10000.0,12000000.0
أرض,سكني,الرياض, حي النرجس ,غربية,1800.0,10000.0,18000000.0
أرض,سكني,الرياض, حي المونسية ,شمالية,621.0,10000.0,6210000.0
أرض,سكني,الرياض, حي ظهرة لبن ,غربية,900.0,2000.0,1800000.0
أرض,سكني,الرياض, حي الرمال ,شمالية شرقية,580.0,2000.0,1160000.0
أرض,سكني,الرياض, حي عقرباء ,شمالية غربية,500.0,2460.0,1230000.0
أرض,سكني,الرياض, حي النرجس ,جنوبية,333.0,3339.0,1111887.0
أرض,سكني,الرياض, حي الوادي ,شرقية,625.0,3000.0,1875000.0
أرض,سكني,الرياض, حي النرجس ,جنوبية غربية,900.0,4000.0,3600000.0
أرض,سكني,الرياض, شارع السلطان محمد الفاتح ,شمالية,692.0,6400.0,4428800.0
أرض,سكني,الرياض, حي ظهرة لبن ,جنوبية غربية,1400.0,6400.0,8960000.0
أرض,تجاري وسكني,الرياض, حي الزاهر ,جنوبية شرقية,900.0,1000.0,900000.0
أرض,تجاري وسكني,الرياض, العيينة ,جنوبية شرقية,900.0,1000.0,900000.0
أرض,تجاري وسكني,الرياض, حي عريض ,ثلاث شوارع,495.0,1000.0,495000.0
أرض,تجاري وسكني,الرياض, حي طيبة ,ثلاث شوارع,6889.0,1000.0,6889000.0
أرض,تجاري وسكني,الرياض, حي طيبة ,جنوبية,1843.0,1000.0,1843000.0
أرض,تجاري وسكني,الرياض, حي طيبة ,أربع شوارع,1843.0,1000.0,1843000.0
أرض,تجاري وسكني,الرياض, حي طيبة ,جنوبية,360.0,1000.0,360000.0
أرض,تجاري وسكني,الرياض, حي الملك عبدالله ,أربع شوارع,8217.0,3000.0,24651000.0
أرض,تجاري وسكني,الرياض, حي ظهرة لبن ,ثلاث شوارع,750.0,3000.0,2250000.0
أرض,تجاري وسكني,الرياض, حي القادسية ,شمالية,312.0,3000.0,936000.0
أرض,تجاري وسكني,الرياض, حي ظهرة لبن ,شمالية شرقية,900.0,3000.0,2700000.0
أرض,تجاري وسكني,الرياض, حي المروة ,شرقية,2625.0,4500.0,11812500.0
أرض,تجاري وسكني,الرياض, حي المروة ,شرقية,900.0,4500.0,4050000.0
أرض,تجاري,الرياض, حي السلي ,شمالية,2800.0,4000.0,11200000.0
أرض,تجاري,الرياض, حي القادسية ,شرقية,270.0,2700.0,729000.0
أرض,تجاري,الرياض, حي القادسية ,جنوبية شرقية,306.0,2700.0,826200.0
أرض,سكني,الرياض, حي النرجس ,جنوبية,900.0,1320.0,1188000.0
أرض,سكني,الرياض, حي طويق ,جنوبية شرقية,900.0,1600.0,1440000.0
أرض,سكني,الرياض, حي النرجس ,شمالية غربية,425.0,4250.0,1806250.0
أرض,سكني,الرياض, حي الجزيرة ,أربع شوارع,1800.0,4250.0,7650000.0
أرض,سكني,الرياض, حي القادسية ,شمالية شرقية,234.0,3100.0,725400.0
أرض,سكني,الرياض, حي العارض ,شمالية غربية,425.0,3100.0,1317500.0
أرض,سكني,الرياض, حي المناخ ,شمالية,312.0,1600.0,499200.0
أرض,سكني,الرياض, حي المناخ ,شمالية,630.0,1600.0,1008000.0
أرض,سكني,الرياض, حي القادسية ,جنوبية,3000.0,3080.0,9240000.0
أرض,سكني,الرياض, حي القادسية ,جنوبية,890.0,1179.0,1049310.0
أرض,سكني,الرياض, حي ظهرة لبن ,جنوبية غربية,1400.0,3100.0,4340000.0
أرض,سكني,الرياض, حي عريض ,شمالية,450.0,546.0,245700.0
أرض,سكني,الرياض, حي بدر ,شمالية,375.0,546.0,204750.0
أرض,سكني,الرياض, حي بدر ,غربية,900.0,546.0,491400.0
أرض,سكني,الرياض, حي الرفيعة ,شمالية شرقية,483.0,5800.0,2801400.0
أرض,سكني,الرياض, حي النرجس ,شرقية,594.0,5000.0,2970000.0
أرض,سكني,الرياض, حي اليرموك ,جنوبية,1089.0,3200.0,3484800.0
أرض,سكني,الرياض, حي النرجس ,جنوبية,1089.0,3200.0,3484800.0
أرض,سكني,الرياض, حي المونسية ,شمالية,875.0,4000.0,3500000.0
أرض,سكني,الرياض, حي حطين ,شمالية غربية,4000.0,1455.0,5820000.0
أرض,سكني,الرياض, حي حطين ,شمالية,1627.0,1455.0,2367285.0
أرض,سكني,الرياض, حي العلا ,شمالية,1627.0,1455.0,2367285.0
أرض,سكني,الرياض, حي النهضة ,جنوبية,1089.0,2850.0,3103650.0
أرض,سكني,الرياض, حي المهدية ,شمالية غربية,900.0,467.0,420300.0
أرض,سكني,الرياض, حي النرجس ,شمالية,300.0,5500.0,1650000.0
أرض,سكني,الرياض, حي الناصرية ,ثلاث شوارع,2600.0,2400.0,6240000.0
أرض,سكني,الرياض, حي الناصرية ,جنوبية,9053.0,4000.0,36212000.0
أرض,سكني,الرياض, حي ظهرة لبن ,جنوبية غربية,400.0,4000.0,1600000.0
أرض,سكني,الرياض, حي ظهرة لبن ,شمالية,692.0,4000.0,2768000.0
أرض,سكني,الرياض, حي ظهرة لبن ,جنوبية,450.0,3100.0,1395000.0
أرض,سكني,الرياض, حي النظيم ,غربية,590.0,3100.0,1829000.0
أرض,سكني,الرياض, حي النسيم الغربي ,جنوبية,875.0,1800.0,1575000.0
أرض,سكني,الرياض, حي الصفا ,غربية,400.0,1800.0,720000.0
أرض,سكني,الرياض, حي أم الحمام الغربي ,غربية,225.0,2667.0,600075.0
أرض,سكني,الرياض, حي أم الحمام الغربي ,غربية,600.0,2667.0,1600200.0
أرض,سكني,الرياض, حي ظهرة لبن ,شمالية,450.0,2667.0,1200150.0
أرض,سكني,الرياض, حي ظهرة لبن ,غربية,600.0,2667.0,1600200.0
أرض,سكني,الرياض, حي الرمال ,جنوبية,372.0,3100.0,1153200.0
أرض,سكني,الرياض, حي ظهرة لبن ,شمالية,2400.0,3100.0,7440000.0
أرض,سكني,الرياض, حي النسيم الغربي ,جنوبية,875.0,1900.0,1662500.0
أرض,سكني,الرياض, حي ظهرة نمار ,شرقية,483.0,1500.0,724500.0
أرض,تجاري وسكني,الرياض, حي طويق ,جنوبية,3600.0,3500.0,12600000.0
أرض,تجاري وسكني,الرياض, حي المهدية ,جنوبية,375.0,2666.0,999750.0
أرض,تجاري وسكني,الرياض, حي القيروان ,شمالية,692.0,6400.0,4428800.0
أرض,تجاري وسكني,الرياض, حي البرية ,جنوبية,330.0,6400.0,2112000.0
أرض,تجاري وسكني,الرياض, حي البرية ,ثلاث شوارع,10941.0,6400.0,70022400.0
أرض,تجاري وسكني,الرياض, حي البرية ,شمالية غربية,671.0,700.0,469700.0
أرض,تجاري وسكني,الرياض, حي ظهرة نمار ,شمالية,511.0,1600.0,817600.0
أرض,تجاري وسكني,الرياض, حي عرقة ,غربية,1400.0,5857.0,8199800.0
أرض,تجاري وسكني,الرياض, حي العارض ,أربع شوارع,7420.0,4000.0,29680000.0
أرض,تجاري وسكني,الرياض, ضاحية نمار ,شمالية,450.0,4000.0,1800000.0
أرض,تجاري وسكني,الرياض, حي عقرباء ,شمالية,450.0,4000.0,1800000.0
أرض,تجاري وسكني,الرياض, حي عقرباء ,جنوبية شرقية,625.0,4000.0,2500000.0
أرض,تجاري وسكني,الرياض, حي عريض ,غربية,379.0,1590.0,602610.0
أرض,تجاري وسكني,الرياض, ,شمالية,450.0,1590.0,715500.0
أرض,تجاري وسكني,الرياض, حي المصيف ,شمالية,1270.0,4500.0,5715000.0
أرض,تجاري وسكني,الرياض, حي المصيف ,جنوبية,350.0,4000.0,1400000.0
أرض,تجاري وسكني,الرياض, حي عريض ,جنوبية,2000.0,500.0,1000000.0
أرض,تجاري وسكني,الرياض, حي عريض ,شرقية,235.0,940.0,220900.0
أرض,تجاري وسكني,الرياض, حي الازدهار ,غربية,771.0,940.0,724740.0
أرض,سكني,الرياض, حي العارض ,شمالية غربية,1064.0,5500.0,5852000.0
أرض,سكني,الرياض, حي عريض ,جنوبية,486.0,2889.0,1404054.0
أرض,سكني,الرياض, سدوس ,شرقية,625.0,2889.0,1805625.0
أرض,سكني,الرياض, حي العريجاء الوسطى ,شمالية شرقية,400.0,1750.0,700000.0
أرض,سكني,الرياض, حي عريض ,جنوبية,360.0,1450.0,522000.0
أرض,سكني,الرياض, حي العارض ,جنوبية غربية,775.0,1305.0,1011375.0
أرض,سكني,الرياض, حي الدار البيضاء ,شرقية,910.0,1270.0,1155700.0
أرض,سكني,الرياض, حي الدار البيضاء ,شمالية,1050.0,1450.0,1522500.0
أرض,سكني,الرياض, حي المهدية ,غربية,405.0,1450.0,587250.0
أرض,سكني,الرياض, ضاحية نمار ,جنوبية غربية,537.0,1400.0,751800.0
أرض,سكني,الرياض, ملهم ,شمالية,312.0,1400.0,436800.0
أرض,سكني,الرياض, القرينة ,جنوبية,630.0,920.0,579600.0
أرض,سكني,الرياض, حي الملز ,ثلاث شوارع,1148.0,920.0,1056160.0
أرض,سكني,الرياض, العيينة ,شرقية,390.0,2600.0,1014000.0
أرض,سكني,الرياض, العيينة ,جنوبية,375.0,2600.0,975000.0
أرض,سكني,الرياض, حي عريض ,جنوبية,630.0,1380.0,869400.0
أرض,سكني,الرياض, حي المهدية ,جنوبية,400.0,2750.0,1100000.0
أرض,سكني,الرياض, حي النرجس ,جنوبية شرقية,475.0,4700.0,2232500.0
أرض,سكني,الرياض, حي المهدية ,شمالية,460.0,2550.0,1173000.0
أرض,سكني,الرياض, حي ضاحية نمار ,شمالية,460.0,2550.0,1173000.0
أرض,سكني,الرياض, حي العارض ,شمالية غربية,840.0,2550.0,2142000.0
أرض,سكني,الرياض, حي العوالي ,شرقية,778.0,2550.0,1983900.0
أرض,سكني,الرياض, حي العوالي ,جنوبية,769.0,600.0,461400.0
أرض,سكني,الرياض, حي نمار ,غربية,314.0,5000.0,1570000.0
أرض,سكني,الرياض, حي ظهرة لبن ,غربية,314.0,5000.0,1570000.0
أرض,سكني,الرياض, حي ظهرة لبن ,جنوبية,1200.0,3000.0,3600000.0
أرض,سكني,الرياض, حي عريض ,شمالية,780.0,1335.0,1041300.0
أرض,سكني,الرياض, حي القيروان ,ثلاث شوارع,2100.0,1335.0,2803500.0
أرض,سكني,الرياض, حي ظهرة لبن ,غربية,900.0,3200.0,2880000.0
أرض,سكني,الرياض, حي القيروان ,ثلاث شوارع,2100.0,3200.0,6720000.0
أرض,سكني,الرياض, حي ظهرة لبن ,غربية,900.0,3300.0,2970000.0
أرض,سكني,الرياض, حي حطين ,شمالية غربية,1000.0,3300.0,3300000.0
أرض,سكني,الرياض, حي حطين ,شمالية,910.0,6500.0,5915000.0
أرض,تجاري,الرياض, حي ظهرة لبن ,شمالية,930.0,2500.0,2325000.0
أرض,تجاري,الرياض, حي ظهرة لبن ,غربية,900.0,2222.0,1999800.0
أرض,تجاري,الرياض, حي النرجس ,شمالية,916.0,3820.0,3499120.0
أرض,تجاري,الرياض, حي الملك فيصل ,شمالية شرقية,900.0,4500.0,4050000.0
أرض,تجاري وسكني,الرياض, حي الروضة ,غربية,660.0,4500.0,2970000.0
أرض,تجاري وسكني,الرياض, حي الروضة ,جنوبية,525.0,1300.0,682500.0
أرض,سكني,الرياض, حي عريض ,ثلاث شوارع,2500.0,3500.0,8750000.0
أرض,سكني,الرياض, حي الغنامية ,شرقية,259.0,3500.0,906500.0
أرض,سكني,الرياض, حي عريض ,جنوبية,2500.0,1280.0,3200000.0
أرض,سكني,الرياض, حي المهدية ,شمالية,536.0,1280.0,686080.0
أرض,سكني,الرياض, حي الغنامية ,جنوبية,420.0,1280.0,537600.0
أرض,سكني,الرياض, حي الزهرة ,جنوبية,500.0,2000.0,1000000.0
أرض,سكني,الرياض, حي المهدية ,شمالية,451.0,2200.0,992200.0
أرض,سكني,الرياض, حي المغرزات ,شرقية,713.0,4000.0,2852000.0
أرض,سكني,الرياض, حي الربوة ,جنوبية غربية,350.0,4600.0,1610000.0
أرض,سكني,الرياض, حي عريض ,شرقية,434.0,1250.0,542500.0
أرض,سكني,الرياض, حي ظهرة لبن ,شرقية,452.0,2500.0,1130000.0
أرض,سكني,الرياض, حي عكاظ ,جنوبية,405.0,1400.0,567000.0
أرض,سكني,الرياض, حي الخير ,شرقية,422.0,1400.0,590800.0
أرض,سكني,الرياض, حي ظهرة لبن ,شمالية,1200.0,1400.0,1680000.0
أرض,سكني,الرياض, حي ضاحية نمار ,شمالية,887.0,1200.0,1064400.0
أرض,سكني,الرياض, حي عكاظ ,شمالية شرقية,600.0,1200.0,720000.0
أرض,سكني,الرياض, حي ظهرة لبن ,جنوبية غربية,1400.0,1604.0,2245600.0
أرض,سكني,الرياض, حي الوزارات ,جنوبية غربية,1400.0,1604.0,2245600.0
أرض,سكني,الرياض, حي الخير ,غربية,437.0,1717.0,750329.0
أرض,سكني,الرياض, حي الخير ,غربية,745.0,671.0,499895.0
أرض,سكني,الرياض, حي البرية ,شمالية,690.0,1000.0,690000.0
أرض,سكني,الرياض, حي الخير ,شرقية,600.0,1000.0,600000.0
أرض,سكني,الرياض, طريق النفود ,شمالية غربية,1050.0,2095.0,2199750.0
أرض,سكني,الرياض, ضاحية نمار ,شرقية,864.0,1274.0,1100736.0
أرض,سكني,الرياض, حي ضاحية نمار ,شرقية,864.0,1042.0,900288.0
أرض,سكني,الرياض, العيينة ,شمالية,500.0,2500.0,1250000.0
أرض,سكني,الرياض, حي النرجس ,شمالية,900.0,2500.0,2250000.0
أرض,سكني,الرياض, حي قرطبة ,غربية,450.0,1280.0,576000.0
أرض,سكني,الرياض, حي ظهرة نمار ,شرقية,440.0,1900.0,836000.0
أرض,سكني,الرياض, حي المهدية ,شرقية,450.0,3444.0,1549800.0
أرض,سكني,الرياض, حي النرجس ,شمالية,363.0,4800.0,1742400.0
أرض,سكني,الرياض, حي القيروان ,غربية,559.0,5800.0,3242200.0
أرض,سكني,الرياض, حي القيروان ,جنوبية شرقية,1373.0,5800.0,7963400.0
أرض,سكني,الرياض, حي المشرق ,شرقية,1021.0,1000.0,1021000.0
أرض,سكني,الرياض, حي المشرق ,جنوبية,450.0,5000.0,2250000.0
أرض,سكني,الرياض, العيينة ,جنوبية,780.0,3250.0,2535000.0
أرض,سكني,الرياض, العيينة ,جنوبية,825.0,3250.0,2681250.0
أرض,سكني,الرياض, حي بدر ,شمالية شرقية,447.0,2000.0,894000.0
أرض,سكني,الرياض, حي المهدية ,ثلاث شوارع,450.0,3111.0,1399950.0
أرض,سكني,الرياض, حي الزاهر ,جنوبية غربية,1020.0,800.0,816000.0
أرض,سكني,الرياض, حي الزاهر ,شرقية,450.0,900.0,405000.0
أرض,سكني,الرياض, حي الخير ,شمالية غربية,960.0,2185.0,2097600.0
أرض,سكني,الرياض, حي الخير ,شرقية,312.0,2185.0,681720.0
أرض,سكني,الرياض, حي النرجس ,غربية,412.0,4900.0,2018800.0
أرض,سكني,الرياض, حي حطين ,ثلاث شوارع,1988.0,10500.0,20874000.0
أرض,سكني,الرياض, حي المهدية ,شرقية,450.0,2555.0,1149750.0
أرض,سكني,الرياض, حي ظهرة لبن ,شمالية,1200.0,1667.0,2000400.0
أرض,سكني,الرياض, حي خشم العان ,شرقية,416.0,1667.0,693472.0
أرض,سكني,الرياض, حي حطين ,ثلاث شوارع,2000.0,8500.0,17000000.0
أرض,سكني,الرياض, حي الرمال ,ثلاث شوارع,2246.0,4000.0,8984000.0
أرض,سكني,الرياض, حي منفوحة ,جنوبية,8058.0,1200.0,9669600.0
أرض,سكني,الرياض, حي الخير ,جنوبية غربية,705.0,1200.0,846000.0
أرض,سكني,الرياض, حي ظهرة لبن ,جنوبية,900.0,1222.0,1099800.0
أرض,سكني,الرياض, حي الملقا ,جنوبية,1292.0,6695.0,8649940.0
أرض,سكني,الرياض, حي السلام ,شمالية,350.0,3700.0,1295000.0
أرض,سكني,الرياض, العيينة ,شمالية,937.0,2350.0,2201950.0
أرض,سكني,الرياض, حي الندى ,شرقية,499.0,6300.0,3143700.0
أرض,سكني,الرياض, حي النرجس ,غربية,810.0,4200.0,3402000.0
أرض,سكني,الرياض, حي عريض ,شمالية شرقية,450.0,822.0,369900.0
أرض,سكني,الرياض, حي المهدية ,غربية,375.0,822.0,308250.0
أرض,تجاري,الرياض, حي ظهرة لبن ,شمالية غربية,900.0,2050.0,1845000.0
أرض,تجاري,الرياض, حي الشفا ,غربية,675.0,1500.0,1012500.0
أرض,تجاري,الرياض, حي المهدية ,غربية,675.0,1500.0,1012500.0
أرض,تجاري,الرياض, حي عريض ,غربية,216.0,810.0,174960.0
أرض,تجاري,الرياض, حي المهدية ,شمالية,299.0,3350.0,1001650.0
أرض,تجاري,الرياض, حي بنبان ,شرقية,800.0,1625.0,1300000.0
أرض,تجاري وسكني,الرياض, حي العارض ,شمالية,630.0,4500.0,2835000.0
أرض,تجاري وسكني,الرياض, حي الخير ,شرقية,938.0,2000.0,1876000.0
أرض,تجاري وسكني,الرياض, حي النرجس ,شمالية,450.0,5400.0,2430000.0
أرض,تجاري وسكني,الرياض, حي ظهرة لبن ,جنوبية,900.0,1222.0,1099800.0
أرض,تجاري وسكني,الرياض, حي النرجس ,شرقية,360.0,4500.0,1620000.0
أرض,تجاري وسكني,الرياض, حي النرجس ,شرقية,1.0,1400.0,1400.0
أرض,تجاري وسكني,الرياض, حي ظهرة لبن ,جنوبية غربية,1200.0,1400.0,1680000.0
أرض,سكني,الرياض, العيينة ,شمالية,750.0,2600.0,1950000.0
أرض,سكني,الرياض, حي بنبان ,شمالية,800.0,2712.0,2169600.0
أرض,سكني,الرياض, حي بدر ,شرقية,420.0,1050.0,441000.0
أرض,سكني,الرياض, حي الروضة ,جنوبية,900.0,5778.0,5200200.0
أرض,سكني,الرياض, حي نمار ,غربية,341.0,890.0,303490.0
أرض,سكني,الرياض, حي الحزم ,شمالية,600.0,890.0,534000.0
أرض,سكني,الرياض, حي المهدية ,شمالية,450.0,2225.0,1001250.0
أرض,سكني,الرياض, العيينة ,شمالية شرقية,500.0,2225.0,1112500.0
أرض,سكني,الرياض, حي الحزم ,غربية,525.0,2225.0,1168125.0
أرض,سكني,الرياض, حي الحائر ,غربية,5769.0,2225.0,12836025.0
أرض,سكني,الرياض, العيينة ,شمالية,750.0,3200.0,2400000.0
أرض,سكني,الرياض, حي المروة ,شمالية شرقية,1000.0,2600.0,2600000.0
أرض,سكني,الرياض, حي النرجس ,شمالية,1110.0,1306.0,1449660.0
أرض,سكني,الرياض, حي قرطبة ,شرقية,1250.0,6500.0,8125000.0
أرض,سكني,الرياض, حي النرجس ,شمالية,370.0,4500.0,1665000.0
أرض,سكني,الرياض, حي النسيم الغربي ,جنوبية غربية,225.0,2223.0,500175.0
أرض,سكني,الرياض, حي المهدية ,شمالية,300.0,3335.0,1000500.0
أرض,سكني,الرياض, ملهم ,جنوبية,375.0,3335.0,1250625.0
أرض,سكني,الرياض, حي العارض ,جنوبية,916.0,3335.0,3054860.0
أرض,سكني,الرياض, حي العارض ,جنوبية,300.0,3335.0,1000500.0
أرض,سكني,الرياض, ضاحية نمار ,شرقية,225.0,3335.0,750375.0
أرض,سكني,الرياض, ضاحية نمار ,شمالية,360.0,5900.0,2124000.0
أرض,سكني,الرياض, حي العارض ,شمالية,336.0,4500.0,1512000.0
أرض,سكني,الرياض, حي البيان ,جنوبية,273.0,2570.0,701610.0
أرض,سكني,الرياض, حي العارض ,جنوبية,336.0,4500.0,1512000.0
أرض,سكني,الرياض, حي البيان ,جنوبية,273.0,2500.0,682500.0
أرض,سكني,الرياض, حي النظيم ,جنوبية,833.0,1570.0,1307810.0
أرض,سكني,الرياض, حي طيبة ,شرقية,295.0,1300.0,383500.0
أرض,سكني,الرياض, حي ظهرة لبن ,شرقية,360.0,2800.0,1008000.0
أرض,سكني,الرياض, حي المهدية ,شمالية,299.0,3330.0,995670.0
أرض,سكني,الرياض, حي طيبة ,شرقية,8664.0,1100.0,9530400.0
أرض,سكني,الرياض, حي ظهرة لبن ,شرقية,8664.0,1100.0,9530400.0
أرض,سكني,الرياض, حي الروضة ,شمالية غربية,750.0,4200.0,3150000.0
أرض,سكني,الرياض, حي الروضة ,غربية,900.0,444.0,399600.0
أرض,سكني,الرياض, حي المهدية ,شمالية,456.0,2446.0,1115376.0
أرض,سكني,الرياض, العيينة ,شمالية شرقية,500.0,2446.0,1223000.0
أرض,سكني,الرياض, حي الخليج ,شمالية شرقية,648.0,2446.0,1585008.0
أرض,سكني,الرياض, حي العارض ,شمالية,300.0,4100.0,1230000.0
أرض,سكني,الرياض, حي الخليج ,شمالية شرقية,648.0,4100.0,2656800.0
أرض,سكني,الرياض, حي ظهرة لبن ,جنوبية,606.0,1700.0,1030200.0
أرض,سكني,الرياض, حي العوالي ,جنوبية,660.0,1700.0,1122000.0
أرض,سكني,الرياض, حي النرجس ,جنوبية,360.0,5000.0,1800000.0
أرض,سكني,الرياض, حي النرجس ,شرقية,375.0,1358.0,509250.0
أرض,سكني,الرياض, حي النرجس ,ثلاث شوارع,4510.0,6500.0,29315000.0
أرض,سكني,الرياض, حي النرجس ,شمالية,2800.0,6500.0,18200000.0
أرض,سكني,الرياض, حي الخير ,شرقية,800.0,2750.0,2200000.0
أرض,سكني,الرياض, حي الخير ,جنوبية,800.0,1812.0,1449600.0
أرض,سكني,الرياض, حي الخليج ,شمالية شرقية,648.0,3500.0,2268000.0
أرض,سكني,الرياض, حي المهدية ,شمالية,405.0,3500.0,1417500.0
أرض,سكني,الرياض, حي الخير ,شرقية,750.0,1450.0,1087500.0
أرض,سكني,الرياض, حي عريض ,جنوبية,405.0,1000.0,405000.0
أرض,سكني,الرياض, حي المهدية ,جنوبية,450.0,1822.0,819900.0
أرض,سكني,الرياض, ,شمالية,343.0,2871.0,984753.0
أرض,سكني,الرياض, حي الصحافة ,شمالية,343.0,2871.0,984753.0
أرض,سكني,الرياض, حي اشبيلية ,جنوبية شرقية,4733.0,4500.0,21298500.0
أرض,سكني,الرياض, حي المهدية ,شمالية,456.0,4500.0,2052000.0
أرض,سكني,الرياض, حي المهدية ,شرقية,375.0,2000.0,750000.0
أرض,سكني,الرياض, حي الفلاح ,غربية,800.0,6500.0,5200000.0
أرض,سكني,الرياض, حي المحمدية ,جنوبية,360.0,7900.0,2844000.0
أرض,تجاري وسكني,الرياض, حي العزيزية ,غربية,720.0,2153.0,1550160.0
أرض,تجاري وسكني,الرياض, حي الدفاع ,جنوبية شرقية,1225.0,2000.0,2450000.0
أرض,تجاري وسكني,الرياض, حي بدر ,جنوبية غربية,874.0,2000.0,1748000.0
أرض,تجاري وسكني,الرياض, حي النرجس ,جنوبية,375.0,2000.0,750000.0
أرض,تجاري وسكني,الرياض, حي الجنادرية ,جنوبية,375.0,2000.0,750000.0
أرض,تجاري وسكني,الرياض, حي الجنادرية ,شمالية,299.0,2000.0,598000.0
أرض,تجاري وسكني,الرياض, ضاحية نمار ,شمالية شرقية,375.0,1200.0,450000.0
أرض,تجاري وسكني,الرياض, حي اليرموك ,جنوبية,1089.0,1200.0,1306800.0
أرض,تجاري وسكني,الرياض, حي الزهراء ,شمالية,400.0,7500.0,3000000.0
أرض,تجاري وسكني,الرياض, حي المهدية ,جنوبية,450.0,2990.0,1345500.0
أرض,تجاري وسكني,الرياض, حي الملقا ,جنوبية غربية,570.0,7500.0,4275000.0
أرض,تجاري وسكني,الرياض, حي النرجس ,شرقية,318.0,4875.0,1550250.0
أرض,تجاري وسكني,الرياض, حي عكاظ ,شمالية,794.0,4875.0,3870750.0
أرض,تجاري وسكني,الرياض, حي ظهرة لبن ,غربية,450.0,4875.0,2193750.0
أرض,تجاري وسكني,الرياض, حي المصيف ,غربية,675.0,4300.0,2902500.0
أرض,تجاري وسكني,الرياض, حي المصفاة ,جنوبية شرقية,420.0,4300.0,1806000.0
أرض,تجاري وسكني,الرياض, حي عريض ,شرقية,500.0,800.0,400000.0
أرض,تجاري وسكني,الرياض, حي عريض ,غربية,600.0,800.0,480000.0
أرض,تجاري وسكني,الرياض, حي عريض ,غربية,500.0,1000.0,500000.0
أرض,تجاري وسكني,الرياض, حي عريض ,شمالية,2205.0,1150.0,2535750.0
أرض,سكني,الرياض, حي المهدية ,ثلاث شوارع,450.0,3130.0,1408500.0
أرض,سكني,الرياض, حي المهدية ,جنوبية,2000.0,525.0,1050000.0
أرض,تجاري وسكني,الرياض, حي القيروان ,ثلاث شوارع,880.0,7000.0,6160000.0
أرض,سكني,الرياض, حي الوادي ,جنوبية غربية,270.0,6000.0,1620000.0
أرض,سكني,الرياض, حي عريض ,شمالية غربية,432.0,6000.0,2592000.0
أرض,تجاري وسكني,الرياض, حي بدر ,جنوبية,960.0,1700.0,1632000.0
أرض,تجاري وسكني,الرياض, حي الغنامية ,شرقية,160.0,625.0,100000.0
أرض,تجاري وسكني,الرياض, حي ظهرة لبن ,جنوبية,450.0,625.0,281250.0
أرض,تجاري وسكني,الرياض, طريق النفود ,شمالية,400.0,625.0,250000.0
أرض,تجاري وسكني,الرياض, حي المهدية ,ثلاث شوارع,450.0,3000.0,1350000.0
أرض,تجاري وسكني,الرياض, حي عرقة ,شمالية شرقية,750.0,3000.0,2250000.0
أرض,تجاري وسكني,الرياض, حي البرية ,شمالية,630.0,3000.0,1890000.0
أرض,تجاري وسكني,الرياض, حي حطين ,شمالية,450.0,6500.0,2925000.0
أرض,تجاري وسكني,الرياض, حي الدار البيضاء ,جنوبية شرقية,500.0,1340.0,670000.0
أرض,تجاري وسكني,الرياض, حي النرجس ,شمالية غربية,288.0,1340.0,385920.0
أرض,تجاري وسكني,الرياض, حي النرجس ,جنوبية,1050.0,1829.0,1920450.0
أرض,تجاري وسكني,الرياض, حي النرجس ,جنوبية,480.0,4800.0,2304000.0
أرض,تجاري وسكني,الرياض, حي ظهرة لبن ,جنوبية شرقية,915.0,2732.0,2499780.0
أرض,سكني,الرياض, حي النرجس ,شمالية,800.0,5000.0,4000000.0
أرض,سكني,الرياض, حي ضاحية نمار ,شمالية,437.0,1300.0,568100.0
أرض,سكني,الرياض, حي المهدية ,شمالية,450.0,2444.0,1099800.0
أرض,سكني,الرياض, حي المهدية ,غربية,399.0,5850.0,2334150.0
أرض,سكني,الرياض, حي المهدية ,شمالية,745.0,510.0,379950.0
أرض,سكني,الرياض, حي الرمال ,جنوبية,782.0,1600.0,1251200.0
أرض,سكني,الرياض, حي الشفا ,جنوبية,375.0,801.0,300375.0
أرض,سكني,الرياض, حي البيان ,جنوبية,1213.0,801.0,971613.0
أرض,سكني,الرياض, حي الجنادرية ,جنوبية,3260.0,3000.0,9780000.0
أرض,سكني,الرياض, حي النرجس ,جنوبية,875.0,6175.0,5403125.0
أرض,سكني,الرياض, حي النرجس ,جنوبية شرقية,333.0,6500.0,2164500.0
أرض,سكني,الرياض, حي اليرموك ,شرقية,1116.0,1880.0,2098080.0
أرض,سكني,الرياض, حي اليرموك ,شمالية,600.0,2416.0,1449600.0
أرض,سكني,الرياض, حي اليرموك ,شرقية,375.0,4500.0,1687500.0
أرض,سكني,الرياض, حي ضاحية نمار ,شمالية,300.0,4500.0,1350000.0
أرض,سكني,الرياض, حي المهدية ,جنوبية,403.0,4500.0,1813500.0
أرض,سكني,الرياض, حي المهدية ,شمالية,900.0,4000.0,3600000.0
أرض,سكني,الرياض, حي العليا ,غربية,250.0,5000.0,1250000.0
أرض,سكني,الرياض, حي العليا ,جنوبية,900.0,5000.0,4500000.0
أرض,سكني,الرياض, حي غرناطة ,شرقية,700.0,5000.0,3500000.0
أرض,سكني,الرياض, حي النخيل ,جنوبية,900.0,13333.0,11999700.0
أرض,سكني,الرياض, حي القيروان ,جنوبية,599.0,6011.0,3600589.0
أرض,سكني,الرياض, حي ضاحية نمار ,غربية,375.0,1800.0,675000.0
أرض,سكني,الرياض, حي اليرموك ,شرقية,750.0,3450.0,2587500.0
أرض,سكني,الرياض, حي طويق ,جنوبية,375.0,2255.0,845625.0
أرض,سكني,الرياض, حي نمار,شمالية,300.0,1450.0,435000.0
أرض,سكني,الرياض, حي نمار,جنوبية,623.0,1450.0,903350.0
أرض,سكني,الرياض, حي السعادة ,جنوبية,623.0,1450.0,903350.0
أرض,سكني,الرياض, حي السعادة ,جنوبية غربية,719.0,2000.0,1438000.0
أرض,سكني,الرياض, حي السعادة ,جنوبية شرقية,670.0,4800.0,3216000.0
أرض,سكني,الرياض, حي المهدية ,جنوبية,392.0,1400.0,548800.0
أرض,سكني,الرياض, حي القادسية ,جنوبية,392.0,1400.0,548800.0
أرض,سكني,الرياض, حي حطين ,غربية,525.0,11000.0,5775000.0
أرض,سكني,الرياض, ,شمالية,1440.0,2450.0,3528000.0
أرض,سكني,الرياض, حي الرمال ,جنوبية,924.0,3750.0,3465000.0
أرض,سكني,الرياض, حي الخير ,شرقية,4697.0,2880.0,13527360.0
أرض,سكني,الرياض, المغرفية ,شمالية,10500.0,2880.0,30240000.0
أرض,سكني,الرياض, حي الغنامية ,غربية,200.0,750.0,150000.0
أرض,سكني,الرياض, حي حطين ,شمالية شرقية,1050.0,8572.0,9000600.0
أرض,سكني,الرياض, حي الروضة ,غربية,751.0,4000.0,3004000.0
أرض,سكني,الرياض, حي الخير ,شرقية,375.0,4000.0,1500000.0
أرض,سكني,الرياض, حي عليشة ,جنوبية,232.0,4000.0,928000.0
أرض,سكني,الرياض, حي العوالي ,شمالية,500.0,4000.0,2000000.0
أرض,سكني,الرياض, حي المرسلات ,جنوبية,400.0,1100.0,440000.0
أرض,سكني,الرياض, العيينة ,شمالية,630.0,1270.0,800100.0
أرض,سكني,الرياض, العيينة ,شرقية,432.0,1350.0,583200.0
أرض,سكني,الرياض, حي حطين ,شمالية,615.0,7317.0,4499955.0
أرض,سكني,الرياض, حي الريان ,جنوبية شرقية,780.0,6000.0,4680000.0
أرض,سكني,الرياض, حي ظهرة لبن ,جنوبية,900.0,466.0,419400.0
أرض,سكني,الرياض, حي العليا ,جنوبية شرقية,580.0,466.0,270280.0
أرض,سكني,الرياض, حي البرية ,غربية,378.0,1000.0,378000.0
أرض,سكني,الرياض, حي الخير ,شرقية,750.0,1500.0,1125000.0
أرض,سكني,الرياض, حي المروة ,غربية,1210.0,1500.0,1815000.0
أرض,سكني,الرياض, حي بدر ,شمالية,15730.0,1400.0,22022000.0
أرض,سكني,الرياض, حي بدر ,شرقية,809.0,1400.0,1132600.0
أرض,سكني,الرياض, حي المصفاة ,شمالية شرقية,400.0,900.0,360000.0
أرض,سكني,الرياض, حي الضباط ,شمالية,450.0,3000.0,1350000.0
أرض,سكني,الرياض, حي الضباط ,جنوبية شرقية,3500.0,7000.0,24500000.0
أرض,سكني,الرياض, حي الحزم ,جنوبية,312.0,442.0,137904.0
أرض,سكني,الرياض, حي المهدية ,جنوبية غربية,1639.0,442.0,724438.0
أرض,سكني,الرياض, حي السلام ,غربية,375.0,4000.0,1500000.0
أرض,سكني,الرياض, حي الحائر ,شمالية شرقية,8464.0,4000.0,33856000.0
أرض,سكني,الرياض, حي عريض ,شمالية غربية,625.0,4000.0,2500000.0
أرض,سكني,الرياض, حي النرجس ,شمالية,435.0,5150.0,2240250.0
أرض,سكني,الرياض, حي طويق ,شمالية,900.0,5150.0,4635000.0
أرض,سكني,الرياض, حي المنصورية ,جنوبية غربية,9600.0,5150.0,49440000.0
أرض,سكني,الرياض, حي الروضة ,جنوبية,627.0,4200.0,2633400.0
أرض,سكني,الرياض, حي المرسلات ,شمالية غربية,625.0,5500.0,3437500.0
أرض,سكني,الرياض, حي الرحمانية ,شمالية غربية,580.0,6000.0,3480000.0
أرض,سكني,الرياض, حي المهدية ,شمالية,400.0,3000.0,1200000.0
أرض,سكني,الرياض, حي الرمال ,شمالية,36.0,2600.0,93600.0
أرض,تجاري وسكني,الرياض, حي المهدية ,جنوبية,400.0,3125.0,1250000.0
أرض,تجاري وسكني,الرياض, حي الدار البيضاء ,شرقية,800.0,1300.0,1040000.0
أرض,تجاري وسكني,الرياض, حي عكاظ ,غربية,437.0,5200.0,2272400.0
أرض,تجاري وسكني,الرياض, حي عكاظ ,شمالية غربية,2400.0,5200.0,12480000.0
أرض,تجاري وسكني,الرياض, حي النرجس ,شمالية,351.0,4800.0,1684800.0
أرض,تجاري وسكني,الرياض, حي نمار ,جنوبية غربية,1200.0,6500.0,7800000.0
أرض,تجاري وسكني,الرياض, حي الرمال ,جنوبية غربية,1200.0,6500.0,7800000.0
أرض,سكني,الرياض, حي النرجس ,جنوبية,450.0,1700.0,765000.0
أرض,سكني,الرياض, حي النرجس ,شمالية,450.0,1700.0,765000.0
أرض,سكني,الرياض, حي العارض ,شمالية,300.0,2555.0,766500.0
أرض,سكني,الرياض, حي طويق ,شرقية,870.0,2555.0,2222850.0
أرض,سكني,الرياض, حي النرجس ,شمالية,450.0,2555.0,1149750.0
أرض,سكني,الرياض, حي ظهرة لبن ,أربع شوارع,900.0,3000.0,2700000.0
أرض,سكني,الرياض, حي ظهرة لبن ,جنوبية,2100.0,523.0,1098300.0
أرض,سكني,الرياض, حي منفوحة ,شرقية,328.0,1600.0,524800.0
أرض,سكني,الرياض, حي النرجس ,جنوبية,450.0,1600.0,720000.0
أرض,سكني,الرياض, حي النرجس ,جنوبية,825.0,390.0,321750.0
أرض,سكني,الرياض, حي القادسية ,شرقية,234.0,3000.0,702000.0
أرض,سكني,الرياض, حي الحزم ,شرقية,646.0,1476.0,953496.0
أرض,سكني,الرياض, حي المهدية ,جنوبية,900.0,1476.0,1328400.0
أرض,سكني,الرياض, حي المهدية ,غربية,750.0,1146.0,859500.0
أرض,سكني,الرياض, حي الرمال ,جنوبية شرقية,1450.0,1146.0,1661700.0
أرض,سكني,الرياض, العيينة ,شمالية,3903.0,2500.0,9757500.0
أرض,سكني,الرياض, حي عرقة ,ثلاث شوارع,1250.0,1785.0,2231250.0
أرض,سكني,الرياض, حي عرقة ,شمالية شرقية,980.0,2100.0,2058000.0
أرض,سكني,الرياض, حي النرجس ,شمالية غربية,900.0,4500.0,4050000.0
أرض,سكني,الرياض, حي العارض ,جنوبية,420.0,4100.0,1722000.0
أرض,سكني,الرياض, حي الملقا ,شمالية,590.0,7200.0,4248000.0
أرض,سكني,الرياض, حي المهدية ,جنوبية,384.0,7200.0,2764800.0
أرض,سكني,الرياض, حي بدر ,جنوبية,1062.0,2050.0,2177100.0
أرض,سكني,الرياض, حي المهدية ,جنوبية غربية,625.0,3500.0,2187500.0
أرض,سكني,الرياض, حي طويق ,شمالية,450.0,1793.0,806850.0
أرض,سكني,الرياض, القرينه ,غربية,630.0,1025.0,645750.0
أرض,سكني,الرياض, شارع سعيد بن عبدالله باقشير ,جنوبية غربية,625.0,4000.0,2500000.0
أرض,سكني,الرياض, شارع سعيد بن عبدالله باقشير ,شرقية,465.0,1226.0,570090.0
أرض,سكني,الرياض, حي نمار ,جنوبية,472.0,1475.0,696200.0
أرض,سكني,الرياض, حي المهدية ,جنوبية,625.0,4500.0,2812500.0
أرض,سكني,الرياض, حي النرجس ,شرقية,450.0,5800.0,2610000.0
أرض,سكني,الرياض, حي ظهرة لبن ,جنوبية,400.0,3750.0,1500000.0
أرض,سكني,الرياض, حي ظهرة لبن ,غربية,750.0,3750.0,2812500.0
أرض,سكني,الرياض, حي البرية ,جنوبية,690.0,690.0,476100.0
أرض,سكني,الرياض, حي عريض ,شمالية,400.0,690.0,276000.0
أرض,سكني,الرياض, حي العوالي ,جنوبية,750.0,1867.0,1400250.0
أرض,سكني,الرياض, حي العارض ,جنوبية,390.0,4500.0,1755000.0
أرض,سكني,الرياض, حي العارض ,جنوبية,996.0,2500.0,2490000.0
أرض,سكني,الرياض, حي الرمال ,جنوبية,275.0,3050.0,838750.0
أرض,سكني,الرياض, حي المحمدية ,أربع شوارع,3500.0,9000.0,31500000.0
أرض,سكني,الرياض, ملهم ,جنوبية غربية,625.0,9000.0,5625000.0
أرض,سكني,الرياض, حي ظهرة لبن ,جنوبية,450.0,2222.0,999900.0
أرض,سكني,الرياض, حي المصيف ,شرقية,329.0,4600.0,1513400.0
أرض,سكني,الرياض, حي الياسمين ,شرقية,496.0,5500.0,2728000.0
أرض,سكني,الرياض, حي طويق ,شرقية,496.0,5500.0,2728000.0
أرض,سكني,الرياض, حي النهضة ,شمالية,875.0,3200.0,2800000.0
أرض,سكني,الرياض, حي البرية ,جنوبية,437.0,1487.0,649819.0
أرض,سكني,الرياض, حي النرجس ,جنوبية شرقية,1050.0,900.0,945000.0
أرض,سكني,الرياض, حي النرجس ,شمالية,225.0,5000.0,1125000.0
أرض,سكني,الرياض, حي العارض ,شمالية,300.0,3666.0,1099800.0
أرض,سكني,الرياض, حي العليا ,شمالية غربية,728.0,4500.0,3276000.0
أرض,سكني,الرياض, حي الضباط ,جنوبية,570.0,2700.0,1539000.0
أرض,سكني,الرياض, حي نمار ,غربية,231.0,1550.0,358050.0
أرض,سكني,الرياض, حي المهدية ,غربية,450.0,2900.0,1305000.0
أرض,سكني,الرياض, حي ضاحية نمار ,شمالية,889.0,1237.0,1099693.0
أرض,سكني,الرياض, حي الازدهار ,جنوبية,1493.0,13395.0,19998735.0
أرض,سكني,الرياض, حي الخير ,شرقية,375.0,1480.0,555000.0
أرض,سكني,الرياض, حي اشبيلية ,غربية,900.0,5555.0,4999500.0
أرض,سكني,الرياض, حي الخير ,شرقية,375.0,1550.0,581250.0
أرض,سكني,الرياض, حي اليرموك ,غربية,900.0,5555.0,4999500.0
أرض,تجاري وسكني,الرياض, حي اليرموك ,غربية,900.0,5555.0,4999500.0
أرض,سكني,الرياض, حي العارض ,غربية,450.0,4800.0,2160000.0
أرض,سكني,الرياض, حي النرجس ,شمالية,300.0,5550.0,1665000.0
أرض,تجاري وسكني,الرياض, حي ظهرة لبن ,شرقية,930.0,1750.0,1627500.0
أرض,تجاري وسكني,الرياض, حي ديراب ,جنوبية,750.0,1200.0,900000.0
أرض,تجاري وسكني,الرياض, حي ظهرة لبن ,جنوبية,750.0,1200.0,900000.0
أرض,تجاري,الرياض, حي العارض ,غربية,425.0,6500.0,2762500.0
أرض,سكني,الرياض, حي العارض ,غربية,425.0,4900.0,2082500.0
أرض,سكني,الرياض, حي العارض ,شرقية,900.0,4000.0,3600000.0
أرض,سكني,الرياض, حي الصحافة ,جنوبية,525.0,1300.0,682500.0
أرض,سكني,الرياض, حي العارض ,جنوبية,686.0,5000.0,3430000.0
أرض,سكني,الرياض, حي الخير ,شرقية,375.0,1570.0,588750.0
أرض,سكني,الرياض, حي الغدير ,جنوبية غربية,1517.0,6700.0,10163900.0
أرض,سكني,الرياض, حي نمار,شرقية,375.0,6700.0,2512500.0
أرض,تجاري وسكني,الرياض, حي ظهرة لبن ,غربية,400.0,2250.0,900000.0
أرض,سكني,الرياض, حي المهدية ,غربية,750.0,1170.0,877500.0
أرض,سكني,الرياض, حي الرحمانية ,جنوبية شرقية,875.0,6700.0,5862500.0
أرض,تجاري,الرياض, حي القادسية ,شرقية,2512.0,2900.0,7284800.0
أرض,تجاري,الرياض, حي الرمال ,جنوبية غربية,4060.0,3000.0,12180000.0
أرض,تجاري,الرياض, حي الخير ,غربية,744.0,800.0,595200.0
أرض,تجاري,الرياض, حي المهدية ,غربية,450.0,2700.0,1215000.0
أرض,سكني,الرياض, حي النهضة ,جنوبية,750.0,3200.0,2400000.0
أرض,سكني,الرياض, حي الحمراء ,شرقية,375.0,1450.0,543750.0
أرض,سكني,الرياض, حي المنصورة ,جنوبية شرقية,1200.0,1450.0,1740000.0
أرض,سكني,الرياض, حي المهدية ,شرقية,524.0,1450.0,759800.0
أرض,سكني,الرياض, حي الخليج ,شمالية غربية,750.0,3600.0,2700000.0
أرض,سكني,الرياض, حي الخير ,شمالية,975.0,1133.0,1104675.0
أرض,سكني,الرياض, حي الخليج ,غربية,750.0,3500.0,2625000.0
أرض,سكني,الرياض, حي الخير ,غربية,744.0,1430.0,1063920.0
أرض,سكني,الرياض, حي عريض ,شمالية,900.0,1450.0,1305000.0
أرض,سكني,الرياض, حي الزاهر ,غربية,2000.0,1413.0,2826000.0
أرض,سكني,الرياض, ضاحية نمار ,غربية,375.0,1333.0,499875.0
أرض,سكني,الرياض, حي العارض ,شمالية,458.0,3900.0,1786200.0
أرض,سكني,الرياض, حي ام سليم ,جنوبية شرقية,199.0,1800.0,358200.0
أرض,سكني,الرياض, حي الحزم ,جنوبية غربية,15233.0,350.0,5331550.0
أرض,سكني,الرياض, حي ضاحية نمار ,جنوبية غربية,15233.0,350.0,5331550.0
أرض,سكني,الرياض, ضرما ,جنوبية شرقية,1157.0,691.0,799487.0
أرض,تجاري وسكني,الرياض, حي المهدية ,شمالية,400.0,2800.0,1120000.0
أرض,سكني,الرياض, حي المهدية ,شمالية,2570.0,850.0,2184500.0
أرض,سكني,الرياض, حي المهدية ,جنوبية,320.0,2875.0,920000.0
أرض,سكني,الرياض, حي المحمدية ,جنوبية,405.0,9000.0,3645000.0
أرض,سكني,الرياض, حي الربيع ,غربية,375.0,6700.0,2512500.0
أرض,سكني,الرياض, العيينة ,شمالية,630.0,2500.0,1575000.0
أرض,تجاري وسكني,الرياض, حي العوالي ,جنوبية,900.0,2700.0,2430000.0
أرض,تجاري,الرياض, حي النرجس ,شمالية غربية,732.0,8100.0,5929200.0
أرض,سكني,الرياض, حي الهدا ,جنوبية شرقية,3890.0,5000.0,19450000.0
أرض,سكني,الرياض, شارع العين ,جنوبية غربية,900.0,3333.0,2999700.0
أرض,تجاري وسكني,الرياض, حي ظهرة لبن ,غربية,900.0,4000.0,3600000.0
أرض,سكني,الرياض, حي عريض ,شمالية غربية,900.0,1450.0,1305000.0
أرض,سكني,الرياض, حي النظيم ,شمالية,375.0,1550.0,581250.0
أرض,سكني,الرياض, حي النظيم ,شمالية شرقية,918.0,708.0,649944.0
أرض,سكني,الرياض, حي النظيم ,شمالية,750.0,1300.0,975000.0
أرض,سكني,الرياض, حي النظيم ,جنوبية شرقية,750.0,2000.0,1500000.0
أرض,سكني,الرياض, حي النظيم ,شرقية,750.0,1450.0,1087500.0
أرض,سكني,الرياض, حي الملز ,غربية,900.0,611.0,549900.0
أرض,تجاري وسكني,الرياض, حي المناخ ,شمالية شرقية,2927.0,1500.0,4390500.0
أرض,سكني,الرياض, حي ضاحية نمار ,جنوبية,624.0,6000.0,3744000.0
أرض,سكني,الرياض, حي مطار الملك خالد الدولي ,شمالية غربية,411.0,4000.0,1644000.0
أرض,سكني,الرياض, حي ضاحية نمار ,شمالية,720.0,958.0,689760.0
أرض,سكني,الرياض, حي المهدية ,غربية,537.0,2500.0,1342500.0
أرض,سكني,الرياض, حي الرمال ,جنوبية,390.0,3100.0,1209000.0
أرض,سكني,الرياض, حي ظهرة لبن ,شمالية,400.0,2750.0,1100000.0
أرض,سكني,الرياض, حي ضاحية نمار ,شرقية,1062.0,1000.0,1062000.0
أرض,سكني,الرياض, حي الرمال ,شمالية,7500.0,1400.0,10500000.0
أرض,تجاري,الرياض, حي الخليج ,شرقية,1500.0,3200.0,4800000.0
أرض,تجاري,الرياض, حي النرجس ,شمالية,360.0,4700.0,1692000.0
أرض,سكني,الرياض, حي النرجس ,غربية,921.0,3000.0,2763000.0
أرض,سكني,الرياض, حي بدر ,جنوبية غربية,527.0,1300.0,685100.0
أرض,سكني,الرياض, حي بدر ,غربية,300.0,5000.0,1500000.0
أرض,سكني,الرياض, حي اليرموك ,غربية,300.0,3700.0,1110000.0
أرض,تجاري,الرياض, حي المنار ,غربية,2530.0,3800.0,9614000.0
أرض,تجاري,الرياض, حي النرجس ,غربية,1076.0,12082.0,13000232.0
أرض,تجاري,الرياض, حي النرجس ,شمالية شرقية,452.0,1438.0,649976.0
أرض,تجاري,الرياض, حي طويق ,شمالية,870.0,2000.0,1740000.0
أرض,سكني,الرياض, حي الربوة ,شرقية,434.0,4000.0,1736000.0
أرض,تجاري,الرياض, حي القادسية ,غربية,2400.0,1700.0,4080000.0
أرض,تجاري,الرياض, حي القادسية ,شمالية,1246.0,2000.0,2492000.0
أرض,سكني,الرياض, حي الملقا ,شمالية شرقية,940.0,8300.0,7802000.0
أرض,سكني,الرياض, حي الربوة ,جنوبية شرقية,2500.0,5000.0,12500000.0
أرض,سكني,الرياض, حي المعيزلة ,جنوبية شرقية,2500.0,5000.0,12500000.0
أرض,سكني,الرياض, حي المصفاة ,شرقية,1600.0,1000.0,1600000.0
أرض,سكني,الرياض, حي الرمال ,شرقية,1647.0,2900.0,4776300.0
أرض,سكني,الرياض, حي الرمال ,جنوبية,3002.0,2800.0,8405600.0
أرض,سكني,الرياض, حي الحمراء ,جنوبية شرقية,2080.0,8000.0,16640000.0
أرض,سكني,الرياض, حي المونسية ,جنوبية شرقية,2080.0,8000.0,16640000.0
أرض,سكني,الرياض, حي العقيق ,غربية,625.0,8000.0,5000000.0
أرض,تجاري وسكني,الرياض, حي النرجس ,أربع شوارع,3900.0,6154.0,24000600.0
أرض,تجاري,الرياض, حي المهدية ,شمالية,800.0,2625.0,2100000.0
أرض,تجاري,الرياض, حي القادسية ,جنوبية,2400.0,5625.0,13500000.0
أرض,سكني,الرياض, حي المعيزلة ,جنوبية شرقية,704.0,2500.0,1760000.0
أرض,سكني,الرياض, حي الملك فهد ,ثلاث شوارع,900.0,4666.0,4199400.0
أرض,تجاري وسكني,الرياض, حي المهدية ,شمالية,800.0,2625.0,2100000.0
أرض,سكني,الرياض, حي النرجس ,شرقية,375.0,6500.0,2437500.0
أرض,سكني,الرياض, حي النرجس ,شمالية,745.0,469.0,349405.0
أرض,سكني,الرياض, حي النرجس ,شمالية شرقية,450.0,6100.0,2745000.0
أرض,تجاري وسكني,الرياض, حي الضباط ,ثلاث شوارع,3000.0,5200.0,15600000.0
أرض,سكني,الرياض, حي المهدية ,شمالية,300.0,3334.0,1000200.0
أرض,سكني,الرياض, حي المهدية ,جنوبية,1258.0,2500.0,3145000.0
أرض,سكني,الرياض, حي العوالي ,شرقية,900.0,2400.0,2160000.0
أرض,سكني,الرياض, حي العوالي ,غربية,904.0,2400.0,2169600.0
أرض,سكني,الرياض, حي الاندلس ,جنوبية,501.0,3500.0,1753500.0
أرض,سكني,الرياض, حي النرجس ,جنوبية,550.0,5500.0,3025000.0
أرض,سكني,الرياض, حي اشبيلية ,شمالية,1050.0,3400.0,3570000.0
أرض,سكني,الرياض, حي المونسية ,جنوبية غربية,484.0,4150.0,2008600.0
أرض,سكني,الرياض, حي طويق ,جنوبية شرقية,1050.0,1750.0,1837500.0
أرض,تجاري وسكني,الرياض, حي المهدية ,جنوبية,1650.0,4500.0,7425000.0
أرض,تجاري وسكني,الرياض, حي لبن ,جنوبية شرقية,400.0,5000.0,2000000.0
أرض,تجاري وسكني,الرياض, حي الرمال ,جنوبية شرقية,400.0,5000.0,2000000.0
أرض,تجاري,الرياض, حي العقيق ,ثلاث شوارع,1650.0,17500.0,28875000.0
أرض,سكني,الرياض, حي العارض ,جنوبية شرقية,458.0,4900.0,2244200.0
أرض,سكني,الرياض, حي الملك فيصل ,جنوبية شرقية,900.0,4400.0,3960000.0
أرض,تجاري,الرياض, حي الصحافة ,شمالية غربية,810.0,18500.0,14985000.0
أرض,سكني,الرياض, حي العارض ,جنوبية,476.0,5000.0,2380000.0
أرض,تجاري وسكني,الرياض, حي ظهرة لبن ,شرقية,900.0,4000.0,3600000.0
أرض,تجاري وسكني,الرياض, حي المونسية ,شرقية,750.0,4300.0,3225000.0
أرض,تجاري وسكني,الرياض, حي المونسية ,ثلاث شوارع,11800.0,338.0,3988400.0
أرض,تجاري وسكني,الرياض, حي العقيق ,جنوبية,575.0,6260.0,3599500.0
أرض,تجاري وسكني,الرياض, حي العقيق ,شمالية,375.0,1253.0,469875.0
أرض,سكني,الرياض, حي الربيع ,جنوبية,600.0,6400.0,3840000.0
أرض,سكني,الرياض, حي الملقا ,شمالية,412.0,6250.0,2575000.0
أرض,سكني,الرياض, حي حطين ,جنوبية شرقية,1400.0,6720.0,9408000.0
أرض,سكني,الرياض, حي النرجس ,شمالية,900.0,5100.0,4590000.0
أرض,سكني,الرياض, حي قرطبة ,جنوبية,571.0,4850.0,2769350.0
أرض,سكني,الرياض, حي المروج ,شمالية شرقية,1144.0,6119.0,7000136.0
أرض,سكني,الرياض, حي الزاهر ,شمالية شرقية,900.0,666.0,599400.0
أرض,سكني,الرياض, حي الزاهر ,غربية,918.0,816.0,749088.0
أرض,سكني,الرياض, حي النرجس ,شمالية,900.0,5200.0,4680000.0
أرض,سكني,الرياض, حي البيان ,غربية,576.0,1780.0,1025280.0
أرض,سكني,الرياض, حي البيان ,أربع شوارع,510.0,900.0,459000.0
أرض,تجاري,الرياض, حي اشبيلية ,غربية,930.0,10000.0,9300000.0
أرض,تجاري,الرياض, حي جرير ,جنوبية,312.0,3200.0,998400.0
أرض,تجاري,الرياض, حي جرير ,شمالية,248.0,3200.0,793600.0
أرض,تجاري وسكني,الرياض, حي ظهرة لبن ,جنوبية,750.0,2600.0,1950000.0
أرض,تجاري وسكني,الرياض, حي ظهرة لبن ,جنوبية,934.0,963.0,899442.0
أرض,سكني,الرياض, حي الجنادرية ,غربية,625.0,2400.0,1500000.0
أرض,سكني,الرياض, حي الجنادرية ,جنوبية,375.0,1600.0,600000.0
أرض,تجاري,الرياض, حي قرطبة ,جنوبية,2112.0,6500.0,13728000.0
أرض,سكني,الرياض, حي قرطبة ,جنوبية غربية,455.0,1758.0,799890.0
أرض,تجاري وسكني,الرياض, حي السلي ,جنوبية,2400.0,2500.0,6000000.0
أرض,تجاري وسكني,الرياض, حي سلطانة ,جنوبية,2400.0,2500.0,6000000.0
أرض,سكني,الرياض, حي الرمال ,غربية,457.0,2400.0,1096800.0
أرض,سكني,الرياض, حي النرجس ,شمالية,360.0,6500.0,2340000.0
أرض,تجاري وسكني,الرياض, حي الروضة ,ثلاث شوارع,1050.0,7500.0,7875000.0
أرض,سكني,الرياض, حي الرمال ,جنوبية,610.0,2213.0,1349930.0
أرض,تجاري وسكني,الرياض, حي ظهرة لبن ,شمالية غربية,900.0,2100.0,1890000.0
أرض,تجاري وسكني,الرياض, حي الرمال ,شمالية,1250.0,3500.0,4375000.0
أرض,تجاري وسكني,الرياض, حي السعادة ,غربية,305.0,2500.0,762500.0
أرض,تجاري,الرياض, حي العوالي ,شمالية شرقية,900.0,2222.0,1999800.0
أرض,سكني,الرياض, حي الخليج ,شرقية,700.0,3300.0,2310000.0
أرض,سكني,الرياض, حي الفاروق ,شمالية,640.0,3000.0,1920000.0
أرض,سكني,الرياض, حي المروة ,أربع شوارع,2750.0,1500.0,4125000.0
أرض,سكني,الرياض, حي النرجس ,جنوبية,1200.0,5000.0,6000000.0
أرض,سكني,الرياض, حي النرجس ,جنوبية,450.0,588.0,264600.0
أرض,تجاري وسكني,الرياض, حي السليمانية ,أربع شوارع,10000.0,7000.0,70000000.0
أرض,سكني,الرياض, حي الحزم ,غربية,720.0,2200.0,1584000.0
أرض,سكني,الرياض, حي الحزم ,جنوبية,400.0,2250.0,900000.0
أرض,تجاري وسكني,الرياض, حي عكاظ ,أربع شوارع,7936.0,1450.0,11507200.0
أرض,سكني,الرياض, حي عكاظ ,جنوبية,756.0,376.0,284256.0
أرض,سكني,الرياض, حي ضاحية نمار ,غربية,444.0,1126.0,499944.0
أرض,سكني,الرياض, حي الملقا ,شمالية شرقية,1000.0,10000.0,10000000.0
أرض,سكني,الرياض, شارع عبدالله بن العاص ,شمالية,448.0,4600.0,2060800.0
أرض,تجاري,الرياض, حي النسيم الغربي ,غربية,7400.0,3500.0,25900000.0
أرض,سكني,الرياض, حي الندى ,شرقية,750.0,6500.0,4875000.0
أرض,تجاري,الرياض, حي العارض ,جنوبية غربية,900.0,5500.0,4950000.0
أرض,سكني,الرياض, حي ظهرة لبن ,غربية,900.0,2200.0,1980000.0
أرض,سكني,الرياض, حي الرمال ,شمالية,402.0,2700.0,1085400.0
أرض,سكني,الرياض, حي قرطبة ,شمالية,1375.0,4900.0,6737500.0
أرض,سكني,الرياض, ضرما ,شمالية,2000.0,235.0,470000.0
أرض,سكني,الرياض, حي عريض ,غربية,450.0,800.0,360000.0
أرض,تجاري وسكني,الرياض, حي ظهرة لبن ,جنوبية,824.0,2100.0,1730400.0
أرض,سكني,الرياض, حي بنبان ,جنوبية,750.0,3500.0,2625000.0
أرض,تجاري وسكني,الرياض, حي الروضة ,شرقية,600.0,4000.0,2400000.0
أرض,تجاري وسكني,الرياض, حي البيان ,غربية,1900.0,2300.0,4370000.0
أرض,تجاري وسكني,الرياض, حي البيان ,شمالية,930.0,806.0,749580.0
أرض,سكني,الرياض, حي البيان ,غربية,5300.0,2500.0,13250000.0
أرض,سكني,الرياض, حي البديعة ,جنوبية شرقية,626.0,1837.0,1149962.0
أرض,سكني,الرياض, حي الخليج ,جنوبية,750.0,3300.0,2475000.0
أرض,تجاري,الرياض, حي اشبيلية ,جنوبية شرقية,1400.0,6000.0,8400000.0
أرض,تجاري وسكني,الرياض, حي اشبيلية ,شمالية غربية,891.0,6000.0,5346000.0
أرض,سكني,الرياض, حي عريض ,شرقية,405.0,986.0,399330.0
أرض,تجاري وسكني,الرياض, حي ضاحية نمار ,شرقية,432.0,1157.0,499824.0
أرض,سكني,الرياض, حي الربوة ,ثلاث شوارع,2508.0,3500.0,8778000.0
أرض,سكني,الرياض, حي الخير ,شمالية,750.0,1280.0,960000.0
أرض,سكني,الرياض, حي الخير ,شمالية,625.0,2150.0,1343750.0
أرض,سكني,الرياض, حي الهدا ,جنوبية,3241.0,5000.0,16205000.0
أرض,سكني,الرياض, حي الروضة ,غربية,1000.0,3500.0,3500000.0
أرض,سكني,الرياض, حي العارض ,شمالية غربية,496.0,5200.0,2579200.0
أرض,سكني,الرياض, حي لبن ,شمالية شرقية,1050.0,4500.0,4725000.0
أرض,سكني,الرياض, حي العزيزية ,شمالية شرقية,2790.0,2000.0,5580000.0
أرض,سكني,الرياض, ,جنوبية,300.0,2950.0,885000.0
أرض,سكني,الرياض, ,شمالية غربية,838.0,500.0,419000.0
أرض,سكني,الرياض, حي الدار البيضاء ,جنوبية شرقية,625.0,1500.0,937500.0
أرض,سكني,الرياض, حي الدار البيضاء ,شرقية,650.0,1538.0,999700.0
أرض,سكني,الرياض, حي ظهرة لبن ,شمالية,2400.0,3500.0,8400000.0
أرض,تجاري,الرياض, حي المروج ,شرقية,1000.0,8000.0,8000000.0
أرض,تجاري,الرياض, حي القادسية ,ثلاث شوارع,1608.0,3400.0,5467200.0
أرض,تجاري وسكني,الرياض, حي الرمال ,ثلاث شوارع,8100.0,2550.0,20655000.0
أرض,تجاري,الرياض, حي الرمال ,جنوبية غربية,2250.0,1500.0,3375000.0
أرض,سكني,الرياض, حي الجنادرية ,شرقية,375.0,2300.0,862500.0
أرض,سكني,الرياض, حي طويق ,غربية,400.0,2250.0,900000.0
أرض,تجاري,الرياض, حي اليرموك ,ثلاث شوارع,2880.0,4500.0,12960000.0
أرض,سكني,الرياض, حي عريض ,شرقية,450.0,956.0,430200.0
أرض,سكني,الرياض, حي العارض ,ثلاث شوارع,5450.0,4600.0,25070000.0
أرض,سكني,الرياض, حي الزاهر ,شمالية,936.0,801.0,749736.0
أرض,سكني,الرياض, حي المصفاة ,شرقية,600.0,555.0,333000.0
أرض,سكني,الرياض, حي الشرق ,شمالية,1850.0,500.0,925000.0
أرض,سكني,الرياض, حي الشرق ,غربية,1561.0,1300.0,2029300.0
أرض,سكني,الرياض, ,شرقية,432.0,926.0,400032.0
أرض,سكني,الرياض, ,شمالية شرقية,644.0,6987.0,4499628.0
أرض,سكني,الرياض, حي المهدية ,شمالية,456.0,3400.0,1550400.0
أرض,تجاري,الرياض, حي المهدية ,جنوبية,900.0,7600.0,6840000.0
أرض,سكني,الرياض, حي الخير ,جنوبية,840.0,1800.0,1512000.0
أرض,سكني,الرياض, حي ضاحية نمار ,شمالية غربية,244.0,1434.0,349896.0
أرض,سكني,الرياض, حي ضاحية نمار ,شمالية,880.0,1380.0,1214400.0
أرض,سكني,الرياض, حي البيان ,غربية,810.0,2600.0,2106000.0
أرض,تجاري وسكني,الرياض, حي المهدية ,شمالية شرقية,900.0,3334.0,3000600.0
أرض,سكني,الرياض, حي المهدية ,جنوبية غربية,675.0,4296.0,2899800.0
أرض,سكني,الرياض, القرينه ,جنوبية غربية,630.0,1000.0,630000.0
أرض,تجاري وسكني,الرياض, ملهم ,غربية,630.0,1270.0,800100.0
أرض,سكني,الرياض, حي عريض ,ثلاث شوارع,400.0,1125.0,450000.0
أرض,سكني,الرياض, حي الملقا ,غربية,636.0,7000.0,4452000.0
أرض,سكني,الرياض, حي بنبان ,جنوبية شرقية,10000.0,1000.0,10000000.0
أرض,سكني,الرياض, ملهم ,جنوبية شرقية,10000.0,1000.0,10000000.0
أرض,سكني,الرياض, حي الحمراء ,شمالية,1125.0,5000.0,5625000.0
أرض,تجاري وسكني,الرياض, حي الشفا ,جنوبية غربية,971.0,2059.0,1999289.0
أرض,تجاري وسكني,الرياض, حي النظيم ,جنوبية شرقية,2500.0,2000.0,5000000.0
أرض,تجاري وسكني,الرياض, حي الرمال ,جنوبية,457.0,2100.0,959700.0
أرض,تجاري وسكني,الرياض, حي الدفاع ,جنوبية,457.0,2100.0,959700.0
أرض,تجاري وسكني,الرياض, حي الدفاع ,شمالية,1173.0,511.0,599403.0
أرض,سكني,الرياض, حي العريجاء الغربية ,جنوبية,400.0,1500.0,600000.0
أرض,تجاري وسكني,الرياض, حي ظهرة لبن ,جنوبية غربية,1050.0,2380.0,2499000.0
أرض,تجاري وسكني,الرياض, حي العريجاء الغربي ,غربية,313.0,2000.0,626000.0
أرض,سكني,الرياض, حي العريجاء الغربي ,جنوبية,472.0,1695.0,800040.0
